model,mode,subset,judge_reward,exact_match,contains_answer,context_length,generation_ms,scoring_ms,total_ms,sub_llm_call_count,sub_llm_prompt_tokens,sub_llm_completion_tokens,sub_llm_total_tool_calls,sub_llm_total_turns,sub_llm_batch_count,sub_llm_max_batch_size,sub_llm_mean_batch_size,turns,prompt_tokens,completion_tokens
z-ai/glm-4.6,rlm_tips,real,0.0,0.0,0.0,412864,829962.1040821075,3152.6322364807,833114.7363185883,599.0,575877.0,57647.0,0.0,599.0,31.0,20.0,19.3225806452,14.0,38644.0,2397.0
z-ai/glm-4.6,rlm_tips,real,0.0,0.0,0.0,361858,487368.0400848389,1411.9510650635,488779.9911499023,0.0,0.0,0.0,0.0,0.0,0.0,0.0,0.0,26.0,114314.0,4098.0
z-ai/glm-4.6,rlm_tips,real,0.0,0.0,0.0,372007,517335.4051113129,1244.1208362579,518579.5259475708,19.0,54508.0,561.0,0.0,19.0,4.0,5.0,4.75,27.0,154523.0,6677.0
z-ai/glm-4.6,rlm_tips,real,0.0,0.0,0.0,372007,571911.947965622,1653.6450386047,573565.5930042267,95.0,61502.0,3530.0,0.0,95.0,5.0,20.0,19.0,30.0,260617.0,7986.0
z-ai/glm-4.6,rlm_tips,real,0.0,0.0,0.0,372709,546434.6733093262,968.7910079956,547403.4643173218,83.0,124463.0,1556.0,0.0,83.0,4.0,23.0,20.75,30.0,179590.0,6118.0
z-ai/glm-4.6,rlm_tips,real,0.0,0.0,0.0,337780,403369.4090843201,1468.6982631683,404838.1073474884,0.0,0.0,0.0,0.0,0.0,0.0,0.0,0.0,19.0,54152.0,2780.0
z-ai/glm-4.6,rlm_tips,real,0.0,0.0,0.0,380913,220142.8401470184,11906.7618846893,232049.6020317078,86.0,124935.0,1093.0,0.0,86.0,2.0,76.0,43.0,15.0,47134.0,1608.0
z-ai/glm-4.6,rlm_tips,real,0.0,0.0,0.0,556759,598716.1159515381,1255.7461261749,599971.862077713,20.0,24372.0,2704.0,0.0,20.0,2.0,10.0,10.0,30.0,290044.0,9628.0
z-ai/glm-4.6,rlm_tips,real,0.0,0.0,0.0,556759,602063.2231235504,1121.7153072357,603184.9384307861,123.0,180893.0,1112.0,0.0,123.0,7.0,20.0,17.5714285714,30.0,332108.0,6726.0
z-ai/glm-4.6,rlm_tips,real,1.0,0.0,1.0,558302,540875.1709461212,1305.7177066803,542180.8886528015,0.0,0.0,0.0,0.0,0.0,0.0,0.0,0.0,26.0,211216.0,4947.0
z-ai/glm-4.6,rlm_tips,real,0.0,0.0,0.0,535994,541500.806093216,1116.8079376221,542617.614030838,71.0,161335.0,3927.0,0.0,71.0,7.0,11.0,10.1428571429,28.0,301158.0,5805.0
z-ai/glm-4.6,rlm_tips,real,0.0,0.0,0.0,725434,390751.1119842529,1334.0599536896,392085.1719379425,58.0,16493.0,360.0,0.0,58.0,1.0,58.0,58.0,21.0,102876.0,4214.0
z-ai/glm-4.6,rlm_tips,real,0.0,0.0,0.0,731418,341419.7397232056,2410.2261066437,343829.9658298492,0.0,0.0,0.0,0.0,0.0,0.0,0.0,0.0,20.0,95217.0,3563.0
z-ai/glm-4.6,rlm_tips,real,0.0,0.0,0.0,717548,187527.3110866547,1232.6030731201,188759.9141597748,0.0,0.0,0.0,0.0,0.0,0.0,0.0,0.0,16.0,72106.0,2613.0
z-ai/glm-4.6,rlm_tips,real,0.0,0.0,0.0,827225,723412.0488166809,1797.1570491791,725209.20586586,76.0,935629.0,63558.0,0.0,76.0,5.0,18.0,15.2,11.0,18712.0,1125.0
z-ai/glm-4.6,rlm_tips,real,0.0,0.0,0.0,700088,874312.242269516,1317.2450065613,875629.4872760773,774.0,993088.0,6572.0,0.0,774.0,17.0,50.0,45.5294117647,16.0,61558.0,4102.0
z-ai/glm-4.6,rlm_tips,real,0.0,0.0,0.0,700088,253454.9152851105,1846.2371826172,255301.1524677277,0.0,0.0,0.0,0.0,0.0,0.0,0.0,0.0,5.0,6271.0,692.0
z-ai/glm-4.6,rlm_tips,real,0.0,0.0,0.0,926010,545197.9999542236,2025.8548259735,547223.8547801971,21.0,341211.0,1710.0,0.0,21.0,5.0,5.0,4.2,28.0,214281.0,5015.0
z-ai/glm-4.6,rlm_tips,real,0.0,0.0,0.0,926010,386702.3191452026,1274.6212482452,387976.9403934479,0.0,0.0,0.0,0.0,0.0,0.0,0.0,0.0,15.0,38539.0,2995.0
z-ai/glm-4.6,rlm_tips,real,0.0,0.0,0.0,922092,717002.9208660126,2151.2250900269,719154.1459560394,1109.0,1319483.0,11432.0,0.0,1109.0,23.0,50.0,48.2173913043,7.0,10460.0,890.0
z-ai/glm-4.6,rlm_tips,real,0.0,0.0,0.0,903334,378695.839881897,1489.0608787537,380184.9007606506,0.0,0.0,0.0,0.0,0.0,0.0,0.0,0.0,18.0,179692.0,2732.0
z-ai/glm-4.6,rlm_tips,real,0.0,0.0,0.0,983910,951544.4779396057,1526.8049240112,953071.282863617,898.0,883258.0,8398.0,0.0,898.0,29.0,50.0,30.9655172414,17.0,55524.0,2100.0
z-ai/glm-4.6,rlm_tips,real,0.0,0.0,0.0,983910,486963.4130001068,2004.9479007721,488968.3609008789,20.0,45062.0,391.0,0.0,20.0,1.0,20.0,20.0,21.0,134767.0,3558.0
z-ai/glm-4.6,rlm_tips,real,0.0,0.0,0.0,1076257,586950.9000778198,996.0129261017,587946.9130039215,103.0,70242.0,891.0,0.0,103.0,1.0,103.0,103.0,28.0,258279.0,10113.0
z-ai/glm-4.6,rlm_tips,real,0.0,0.0,0.0,1157727,377140.6371593475,1210.8910083771,378351.5281677246,0.0,0.0,0.0,0.0,0.0,0.0,0.0,0.0,9.0,15416.0,1016.0
z-ai/glm-4.6,rlm_tips,real,1.0,0.0,1.0,1157727,526217.5009250641,1693.4652328491,527910.9661579132,0.0,0.0,0.0,0.0,0.0,0.0,0.0,0.0,29.0,156604.0,5612.0
z-ai/glm-4.6,rlm_tips,real,0.0,0.0,1.0,1126603,467135.4048252106,2409.1250896454,469544.529914856,0.0,0.0,0.0,0.0,0.0,0.0,0.0,0.0,24.0,184681.0,4676.0
z-ai/glm-4.6,rlm_tips,real,0.0,0.0,0.0,1283346,395475.4366874695,1297.0921993256,396772.528886795,7.0,10023.0,985.0,0.0,7.0,1.0,7.0,7.0,15.0,76755.0,4864.0
z-ai/glm-4.6,rlm_tips,real,1.0,1.0,1.0,1363494,517583.8310718536,1769.5319652557,519353.3630371094,152.0,429344.0,4231.0,0.0,152.0,4.0,72.0,38.0,23.0,171466.0,2967.0
z-ai/glm-4.6,rlm_tips,real,0.0,0.0,0.0,1356679,509248.3489513397,1475.5680561066,510723.9170074463,0.0,0.0,0.0,0.0,0.0,0.0,0.0,0.0,21.0,122607.0,5748.0
z-ai/glm-4.6,rlm_tips,real,0.0,0.0,0.0,1318503,394882.7049732208,1512.158870697,396394.8638439178,48.0,354580.0,848.0,0.0,48.0,3.0,41.0,16.0,16.0,71689.0,3544.0
z-ai/glm-4.6,rlm_tips,real,1.0,0.0,1.0,1486244,192189.0664100647,1654.3097496033,193843.376159668,0.0,0.0,0.0,0.0,0.0,0.0,0.0,0.0,16.0,52834.0,1422.0
z-ai/glm-4.6,rlm_tips,real,0.0,0.0,0.0,1557395,357349.0219116211,1602.6549339294,358951.6768455505,0.0,0.0,0.0,0.0,0.0,0.0,0.0,0.0,23.0,111167.0,3135.0
z-ai/glm-4.6,rlm_tips,real,0.0,0.0,0.0,1557395,516827.6431560516,1373.4872341156,518201.1303901672,0.0,0.0,0.0,0.0,0.0,0.0,0.0,0.0,30.0,138181.0,4457.0
z-ai/glm-4.6,rlm_tips,real,0.0,0.0,0.0,1636563,253614.0019893646,2482.2962284088,256096.2982177734,0.0,0.0,0.0,0.0,0.0,0.0,0.0,0.0,5.0,9561.0,596.0
z-ai/glm-4.6,rlm_tips,real,1.0,1.0,1.0,1518752,494675.017118454,1370.8369731903,496045.8540916443,16.0,403448.0,2907.0,0.0,16.0,1.0,16.0,16.0,25.0,166626.0,3321.0
z-ai/glm-4.6,rlm_tips,real,0.0,0.0,0.0,1584486,661033.2112312317,2129.8320293427,663163.0432605743,934.0,1437626.0,7198.0,0.0,934.0,21.0,50.0,44.4761904762,23.0,139374.0,4302.0
z-ai/glm-4.6,rlm_tips,real,0.0,0.0,0.0,1569922,156581.1991691589,1511.3527774811,158092.55194664,0.0,0.0,0.0,0.0,0.0,0.0,0.0,0.0,13.0,31628.0,1583.0
z-ai/glm-4.6,rlm_tips,real,0.0,0.0,0.0,1870476,730978.0158996582,1522.5973129272,732500.6132125854,0.0,0.0,0.0,0.0,0.0,0.0,0.0,0.0,30.0,286052.0,13063.0
z-ai/glm-4.6,rlm_tips,real,0.0,0.0,0.0,2955959,170958.8439464569,1442.4738883972,172401.3178348541,0.0,0.0,0.0,0.0,0.0,0.0,0.0,0.0,12.0,54904.0,2334.0
z-ai/glm-4.6,rlm_tips,real,0.0,0.0,0.0,2991214,546748.8059997559,1810.1019859314,548558.9079856873,0.0,0.0,0.0,0.0,0.0,0.0,0.0,0.0,29.0,207467.0,9292.0
z-ai/glm-4.6,rlm_tips,real,0.0,0.0,0.0,3151633,487220.88098526,1890.8030986786,489111.6840839386,16.0,36018.0,299.0,0.0,16.0,4.0,4.0,4.0,24.0,172718.0,3287.0
z-ai/glm-4.6,rlm_tips,real,0.0,0.0,0.0,3151633,341841.3820266724,2118.1120872498,343959.4941139221,16.0,34803.0,1013.0,0.0,16.0,1.0,16.0,16.0,17.0,60026.0,3067.0
z-ai/glm-4.6,rlm_tips,real,0.0,0.0,0.0,3133311,365756.8697929382,1882.2400569916,367639.1098499298,13.0,8874.0,482.0,0.0,13.0,1.0,13.0,13.0,15.0,103312.0,4719.0
z-ai/glm-4.6,rlm_tips,real,0.0,0.0,0.0,3063225,644161.6640090942,3601.8350124359,647763.4990215302,76.0,3223328.0,24500.0,0.0,76.0,16.0,5.0,4.75,16.0,51321.0,2214.0
z-ai/glm-4.6,rlm_tips,real,0.0,0.0,0.0,2922296,184371.6731071472,1204.9939632416,185576.6670703888,0.0,0.0,0.0,0.0,0.0,0.0,0.0,0.0,14.0,43195.0,1913.0
z-ai/glm-4.6,rlm_tips,real,0.0,0.0,0.0,4467164,537857.036113739,1138.934135437,538995.970249176,41.0,1126653.0,5192.0,0.0,41.0,1.0,41.0,41.0,24.0,217764.0,5371.0
z-ai/glm-4.6,rlm_tips,real,0.0,0.0,0.0,4412367,344493.775844574,1492.7308559418,345986.5067005157,0.0,0.0,0.0,0.0,0.0,0.0,0.0,0.0,15.0,76060.0,3039.0
z-ai/glm-4.6,rlm_tips,real,0.0,0.0,0.0,4412367,719796.2937355042,1294.2190170288,721090.512752533,9.0,1233823.0,1563.0,0.0,9.0,3.0,5.0,3.0,10.0,20417.0,1528.0
z-ai/glm-4.6,rlm_tips,real,0.0,0.0,0.0,4670062,221381.3109397888,1340.1546478271,222721.465587616,0.0,0.0,0.0,0.0,0.0,0.0,0.0,0.0,11.0,45598.0,3119.0
deepseek/deepseek-v3.2,rlm_tips,real,0.0,0.0,0.0,412864,94558.3670139313,1704.41198349,96262.7789974213,0.0,0.0,0.0,0.0,0.0,0.0,0.0,0.0,2.0,2132.0,306.0
deepseek/deepseek-v3.2,rlm_tips,real,0.0,0.0,0.0,361858,120328.9139270782,1300.6138801575,121629.5278072357,0.0,0.0,0.0,0.0,0.0,0.0,0.0,0.0,5.0,10014.0,1140.0
deepseek/deepseek-v3.2,rlm_tips,real,0.0,0.0,0.0,372007,106558.4650039673,1635.097026825,108193.5620307922,0.0,0.0,0.0,0.0,0.0,0.0,0.0,0.0,4.0,6947.0,850.0
deepseek/deepseek-v3.2,rlm_tips,real,0.0,0.0,0.0,372007,428598.3138084412,1466.3510322571,430064.6648406982,5.0,3339.0,253.0,0.0,5.0,1.0,5.0,5.0,30.0,393493.0,13142.0
deepseek/deepseek-v3.2,rlm_tips,real,0.0,0.0,0.0,372709,116297.3711490631,1287.8179550171,117585.1891040802,0.0,0.0,0.0,0.0,0.0,0.0,0.0,0.0,7.0,13764.0,1245.0
deepseek/deepseek-v3.2,rlm_tips,real,0.0,0.0,0.0,337780,78565.4401779175,956.0101032257,79521.4502811432,0.0,0.0,0.0,0.0,0.0,0.0,0.0,0.0,1.0,954.0,103.0
deepseek/deepseek-v3.2,rlm_tips,real,0.0,0.0,0.0,380913,84550.2271652222,2118.4592247009,86668.6863899231,0.0,0.0,0.0,0.0,0.0,0.0,0.0,0.0,2.0,2144.0,205.0
deepseek/deepseek-v3.2,rlm_tips,real,0.0,0.0,0.0,556759,85702.0981311798,1035.9969139099,86738.0950450897,0.0,0.0,0.0,0.0,0.0,0.0,0.0,0.0,2.0,2241.0,404.0
deepseek/deepseek-v3.2,rlm_tips,real,0.0,0.0,0.0,556759,191387.3538970947,1315.1609897614,192702.5148868561,0.0,0.0,0.0,0.0,0.0,0.0,0.0,0.0,13.0,59099.0,3789.0
deepseek/deepseek-v3.2,rlm_tips,real,0.0,0.0,0.0,558302,108463.8149738312,1362.9031181335,109826.7180919647,0.0,0.0,0.0,0.0,0.0,0.0,0.0,0.0,4.0,5086.0,688.0
deepseek/deepseek-v3.2,rlm_tips,real,0.0,0.0,0.0,535994,328513.9451026917,1364.1829490662,329878.1280517578,5.0,6324.0,415.0,0.0,5.0,1.0,5.0,5.0,19.0,145411.0,9838.0
deepseek/deepseek-v3.2,rlm_tips,real,0.0,0.0,0.0,725434,249875.9260177612,1396.8751430511,251272.8011608124,0.0,0.0,0.0,0.0,0.0,0.0,0.0,0.0,22.0,132657.0,6915.0
deepseek/deepseek-v3.2,rlm_tips,real,0.0,0.0,0.0,731418,79292.8829193115,1325.4058361053,80618.2887554169,0.0,0.0,0.0,0.0,0.0,0.0,0.0,0.0,1.0,965.0,110.0
deepseek/deepseek-v3.2,rlm_tips,real,0.0,0.0,0.0,717548,75275.3000259399,1795.9070205688,77071.2070465088,0.0,0.0,0.0,0.0,0.0,0.0,0.0,0.0,1.0,956.0,126.0
deepseek/deepseek-v3.2,rlm_tips,real,0.0,0.0,0.0,827225,242338.7227058411,1236.2465858459,243574.969291687,5.0,7784.0,367.0,0.0,5.0,1.0,5.0,5.0,15.0,80901.0,6202.0
deepseek/deepseek-v3.2,rlm_tips,real,0.0,0.0,0.0,700088,845656.8868160248,1104.425907135,846761.3127231598,156.0,207763.0,26615.0,0.0,156.0,1.0,156.0,156.0,12.0,85321.0,6856.0
deepseek/deepseek-v3.2,rlm_tips,real,0.0,0.0,0.0,700088,80585.5739116669,1467.698097229,82053.2720088959,0.0,0.0,0.0,0.0,0.0,0.0,0.0,0.0,1.0,956.0,100.0
deepseek/deepseek-v3.2,rlm_tips,real,0.0,0.0,0.0,926010,111059.1716766357,1731.0738563538,112790.2455329895,0.0,0.0,0.0,0.0,0.0,0.0,0.0,0.0,4.0,6917.0,993.0
deepseek/deepseek-v3.2,rlm_tips,real,0.0,0.0,0.0,926010,381004.8460960388,1240.2329444885,382245.0790405273,5.0,11405.0,571.0,0.0,5.0,1.0,5.0,5.0,28.0,300382.0,11513.0
deepseek/deepseek-v3.2,rlm_tips,real,0.0,0.0,0.0,922092,119458.5998058319,1104.0768623352,120562.6766681671,0.0,0.0,0.0,0.0,0.0,0.0,0.0,0.0,5.0,8911.0,1043.0
deepseek/deepseek-v3.2,rlm_tips,real,0.0,0.0,0.0,903334,80818.2668685913,1083.4958553314,81901.7627239227,0.0,0.0,0.0,0.0,0.0,0.0,0.0,0.0,1.0,956.0,116.0
deepseek/deepseek-v3.2,rlm_tips,real,0.0,0.0,0.0,983910,92792.2370433807,1083.0790996552,93875.3161430359,0.0,0.0,0.0,0.0,0.0,0.0,0.0,0.0,4.0,5849.0,633.0
deepseek/deepseek-v3.2,rlm_tips,real,0.0,0.0,0.0,983910,201580.3492069244,1158.0362319946,202738.3854389191,0.0,0.0,0.0,0.0,0.0,0.0,0.0,0.0,12.0,60290.0,3969.0
deepseek/deepseek-v3.2,rlm_tips,real,0.0,0.0,0.0,1076257,306509.556055069,1053.1060695648,307562.6621246338,30.0,41707.0,104.0,0.0,30.0,2.0,20.0,15.0,22.0,179331.0,7929.0
deepseek/deepseek-v3.2,rlm_tips,real,0.0,0.0,0.0,1157727,78609.2166900635,1539.4461154938,80148.6628055573,0.0,0.0,0.0,0.0,0.0,0.0,0.0,0.0,1.0,957.0,140.0
deepseek/deepseek-v3.2,rlm_tips,real,0.0,0.0,0.0,1157727,175310.290813446,1260.4348659515,176570.7256793976,0.0,0.0,0.0,0.0,0.0,0.0,0.0,0.0,13.0,44234.0,3619.0
deepseek/deepseek-v3.2,rlm_tips,real,0.0,0.0,0.0,1126603,190062.4921321869,1288.156747818,191350.6488800049,0.0,0.0,0.0,0.0,0.0,0.0,0.0,0.0,15.0,68871.0,3581.0
deepseek/deepseek-v3.2,rlm_tips,real,0.0,0.0,0.0,1283346,84061.9380474091,1674.7150421143,85736.6530895233,0.0,0.0,0.0,0.0,0.0,0.0,0.0,0.0,2.0,2224.0,256.0
deepseek/deepseek-v3.2,rlm_tips,real,0.0,0.0,0.0,1363494,97401.7491340637,1570.7383155823,98972.487449646,0.0,0.0,0.0,0.0,0.0,0.0,0.0,0.0,2.0,2129.0,329.0
deepseek/deepseek-v3.2,rlm_tips,real,0.0,0.0,0.0,1356679,90560.5680942535,1457.5600624084,92018.128156662,0.0,0.0,0.0,0.0,0.0,0.0,0.0,0.0,3.0,5828.0,435.0
deepseek/deepseek-v3.2,rlm_tips,real,0.0,0.0,0.0,1318503,120684.3860149384,1479.7279834747,122164.1139984131,0.0,0.0,0.0,0.0,0.0,0.0,0.0,0.0,6.0,11336.0,1310.0
deepseek/deepseek-v3.2,rlm_tips,real,0.0,0.0,0.0,1486244,102762.7840042114,1764.7218704224,104527.5058746338,0.0,0.0,0.0,0.0,0.0,0.0,0.0,0.0,4.0,5869.0,811.0
deepseek/deepseek-v3.2,rlm_tips,real,0.0,0.0,0.0,1557395,110044.1200733185,1382.4090957642,111426.5291690826,0.0,0.0,0.0,0.0,0.0,0.0,0.0,0.0,6.0,12619.0,1130.0
deepseek/deepseek-v3.2,rlm_tips,real,0.0,0.0,0.0,1557395,85013.720035553,1378.833770752,86392.5538063049,0.0,0.0,0.0,0.0,0.0,0.0,0.0,0.0,2.0,2137.0,304.0
deepseek/deepseek-v3.2,rlm_tips,real,0.0,0.0,0.0,1636563,93505.5649280548,971.3568687439,94476.9217967987,0.0,0.0,0.0,0.0,0.0,0.0,0.0,0.0,2.0,2163.0,385.0
deepseek/deepseek-v3.2,rlm_tips,real,0.0,0.0,0.0,1518752,435982.7482700348,1546.560049057,437529.3083190918,8.0,52734.0,763.0,0.0,8.0,1.0,8.0,8.0,30.0,313035.0,13726.0
deepseek/deepseek-v3.2,rlm_tips,real,0.0,0.0,0.0,1584486,990896.0268497467,1425.5547523499,992321.5816020966,118.0,345670.0,7389.0,0.0,118.0,7.0,20.0,16.8571428571,22.0,157540.0,7393.0
deepseek/deepseek-v3.2,rlm_tips,real,0.0,0.0,0.0,1569922,79058.6760044098,3815.4978752136,82874.1738796234,0.0,0.0,0.0,0.0,0.0,0.0,0.0,0.0,1.0,957.0,101.0
deepseek/deepseek-v3.2,rlm_tips,real,0.0,0.0,0.0,1870476,127717.4088954926,1325.1447677612,129042.5536632538,0.0,0.0,0.0,0.0,0.0,0.0,0.0,0.0,7.0,14314.0,1589.0
deepseek/deepseek-v3.2,rlm_tips,real,0.0,0.0,0.0,2955959,123816.1559104919,1082.0329189301,124898.188829422,0.0,0.0,0.0,0.0,0.0,0.0,0.0,0.0,5.0,14089.0,1152.0
deepseek/deepseek-v3.2,rlm_tips,real,0.0,0.0,0.0,2991214,99735.2867126465,1237.3189926147,100972.6057052612,0.0,0.0,0.0,0.0,0.0,0.0,0.0,0.0,2.0,2224.0,244.0
deepseek/deepseek-v3.2,rlm_tips,real,0.0,0.0,0.0,3151633,379745.3188896179,1035.2120399475,380780.5309295654,17.0,85387.0,1912.0,0.0,17.0,1.0,17.0,17.0,30.0,253602.0,10040.0
deepseek/deepseek-v3.2,rlm_tips,real,0.0,0.0,0.0,3151633,419260.2972984314,2040.0400161743,421300.3373146057,0.0,0.0,0.0,0.0,0.0,0.0,0.0,0.0,22.0,195899.0,9635.0
deepseek/deepseek-v3.2,rlm_tips,real,0.0,0.0,0.0,3133311,108308.473110199,1413.8362407684,109722.3093509674,0.0,0.0,0.0,0.0,0.0,0.0,0.0,0.0,6.0,10505.0,1204.0
deepseek/deepseek-v3.2,rlm_tips,real,0.0,0.0,0.0,3063225,117778.6531448364,1155.0509929657,118933.7041378021,0.0,0.0,0.0,0.0,0.0,0.0,0.0,0.0,6.0,11585.0,1217.0
deepseek/deepseek-v3.2,rlm_tips,real,0.0,0.0,0.0,2922296,116321.408033371,1129.6629905701,117451.071023941,0.0,0.0,0.0,0.0,0.0,0.0,0.0,0.0,7.0,14308.0,1445.0
deepseek/deepseek-v3.2,rlm_tips,real,0.0,0.0,0.0,4467164,85121.1168766022,1302.7200698853,86423.8369464874,0.0,0.0,0.0,0.0,0.0,0.0,0.0,0.0,2.0,2241.0,285.0
deepseek/deepseek-v3.2,rlm_tips,real,0.0,0.0,0.0,4412367,116158.9839458466,1414.3350124359,117573.3189582825,0.0,0.0,0.0,0.0,0.0,0.0,0.0,0.0,6.0,16858.0,1228.0
deepseek/deepseek-v3.2,rlm_tips,real,0.0,0.0,0.0,4412367,112651.5908241272,1368.0839538574,114019.6747779846,0.0,0.0,0.0,0.0,0.0,0.0,0.0,0.0,5.0,10024.0,1107.0
deepseek/deepseek-v3.2,rlm_tips,real,0.0,0.0,0.0,4670062,109511.6488933563,1626.7557144165,111138.4046077728,0.0,0.0,0.0,0.0,0.0,0.0,0.0,0.0,5.0,7969.0,1024.0
xiaomi/mimo-v2-flash:free,rlm_tips,real,0.0,0.0,0.0,412864,203176.3482093811,1387.0918750763,204563.4400844574,0.0,0.0,0.0,0.0,0.0,0.0,0.0,0.0,30.0,384893.0,11701.0
xiaomi/mimo-v2-flash:free,rlm_tips,real,0.0,0.0,0.0,361858,205038.6068820953,1297.3098754883,206335.9167575836,0.0,0.0,0.0,0.0,0.0,0.0,0.0,0.0,30.0,285000.0,12242.0
xiaomi/mimo-v2-flash:free,rlm_tips,real,0.0,0.0,0.0,372007,174173.3100414276,1146.9850540161,175320.2950954437,91.0,76488.0,549.0,0.0,91.0,1.0,91.0,91.0,19.0,210872.0,7769.0
xiaomi/mimo-v2-flash:free,rlm_tips,real,0.0,0.0,0.0,372007,159055.4509162903,1556.5450191498,160611.9959354401,0.0,0.0,0.0,0.0,0.0,0.0,0.0,0.0,19.0,216748.0,8748.0
xiaomi/mimo-v2-flash:free,rlm_tips,real,0.0,0.0,0.0,372709,240563.2157325745,1192.4333572388,241755.6490898132,0.0,0.0,0.0,0.0,0.0,0.0,0.0,0.0,30.0,355917.0,15882.0
xiaomi/mimo-v2-flash:free,rlm_tips,real,0.0,0.0,0.0,337780,122604.4950485229,1512.7549171448,124117.2499656677,0.0,0.0,0.0,0.0,0.0,0.0,0.0,0.0,13.0,108334.0,5668.0
xiaomi/mimo-v2-flash:free,rlm_tips,real,0.0,0.0,0.0,380913,111237.988948822,1442.51704216,112680.5059909821,0.0,0.0,0.0,0.0,0.0,0.0,0.0,0.0,16.0,127530.0,4690.0
xiaomi/mimo-v2-flash:free,rlm_tips,real,1.0,1.0,1.0,556759,102015.2561664581,1317.2588348389,103332.515001297,0.0,0.0,0.0,0.0,0.0,0.0,0.0,0.0,14.0,51496.0,3573.0
xiaomi/mimo-v2-flash:free,rlm_tips,real,0.0,0.0,0.0,556759,226322.8499889374,1153.2778739929,227476.1278629303,0.0,0.0,0.0,0.0,0.0,0.0,0.0,0.0,26.0,349091.0,15480.0
xiaomi/mimo-v2-flash:free,rlm_tips,real,1.0,1.0,1.0,558302,166315.7699108124,1410.9020233154,167726.6719341278,0.0,0.0,0.0,0.0,0.0,0.0,0.0,0.0,21.0,259567.0,8144.0
xiaomi/mimo-v2-flash:free,rlm_tips,real,0.0,0.0,0.0,535994,249375.1201629639,1210.2718353271,250585.391998291,0.0,0.0,0.0,0.0,0.0,0.0,0.0,0.0,30.0,474809.0,18413.0
xiaomi/mimo-v2-flash:free,rlm_tips,real,0.0,0.0,0.0,725434,170496.5450763702,1216.0971164703,171712.6421928406,0.0,0.0,0.0,0.0,0.0,0.0,0.0,0.0,30.0,288374.0,7680.0
xiaomi/mimo-v2-flash:free,rlm_tips,real,0.0,0.0,0.0,731418,210140.5110359192,1298.269033432,211438.7800693512,0.0,0.0,0.0,0.0,0.0,0.0,0.0,0.0,30.0,356556.0,11792.0
xiaomi/mimo-v2-flash:free,rlm_tips,real,0.0,0.0,0.0,717548,143085.7708454132,1574.3868350983,144660.1576805115,0.0,0.0,0.0,0.0,0.0,0.0,0.0,0.0,26.0,231806.0,5675.0
xiaomi/mimo-v2-flash:free,rlm_tips,real,0.0,0.0,0.0,827225,230037.9581451416,1779.7410488129,231817.6991939545,0.0,0.0,0.0,0.0,0.0,0.0,0.0,0.0,30.0,414391.0,13865.0
xiaomi/mimo-v2-flash:free,rlm_tips,real,0.0,0.0,0.0,700088,186756.6850185394,1642.66705513,188399.3520736694,0.0,0.0,0.0,0.0,0.0,0.0,0.0,0.0,30.0,240880.0,10269.0
xiaomi/mimo-v2-flash:free,rlm_tips,real,1.0,0.0,1.0,700088,238340.1460647583,1530.6038856506,239870.7499504089,0.0,0.0,0.0,0.0,0.0,0.0,0.0,0.0,30.0,410717.0,15684.0
xiaomi/mimo-v2-flash:free,rlm_tips,real,0.0,0.0,0.0,926010,184950.9289264679,2148.1437683105,187099.0726947784,0.0,0.0,0.0,0.0,0.0,0.0,0.0,0.0,30.0,284399.0,9130.0
xiaomi/mimo-v2-flash:free,rlm_tips,real,0.0,0.0,0.0,926010,294638.7579441071,1466.2578105927,296105.0157546997,0.0,0.0,0.0,0.0,0.0,0.0,0.0,0.0,28.0,466740.0,20605.0
xiaomi/mimo-v2-flash:free,rlm_tips,real,0.0,0.0,0.0,922092,243652.8449058533,1999.9117851257,245652.756690979,0.0,0.0,0.0,0.0,0.0,0.0,0.0,0.0,30.0,469555.0,16687.0
xiaomi/mimo-v2-flash:free,rlm_tips,real,0.0,0.0,0.0,903334,95529.5791625977,1860.21900177,97389.7981643677,0.0,0.0,0.0,0.0,0.0,0.0,0.0,0.0,12.0,53366.0,3135.0
xiaomi/mimo-v2-flash:free,rlm_tips,real,0.0,0.0,0.0,983910,230841.2821292877,1505.9859752655,232347.2681045532,0.0,0.0,0.0,0.0,0.0,0.0,0.0,0.0,30.0,352266.0,14814.0
xiaomi/mimo-v2-flash:free,rlm_tips,real,0.0,0.0,0.0,983910,309704.3969631195,1438.0171298981,311142.4140930176,11.0,5007.0,530.0,0.0,11.0,1.0,11.0,11.0,30.0,541433.0,22925.0
xiaomi/mimo-v2-flash:free,rlm_tips,real,0.0,0.0,0.0,1076257,236725.958108902,1183.2368373871,237909.1949462891,0.0,0.0,0.0,0.0,0.0,0.0,0.0,0.0,30.0,563639.0,14653.0
xiaomi/mimo-v2-flash:free,rlm_tips,real,0.0,0.0,0.0,1157727,136639.5311355591,1361.5670204163,138001.0981559753,0.0,0.0,0.0,0.0,0.0,0.0,0.0,0.0,19.0,199984.0,6203.0
xiaomi/mimo-v2-flash:free,rlm_tips,real,1.0,1.0,1.0,1157727,118927.3481369019,1110.2521419525,120037.6002788544,0.0,0.0,0.0,0.0,0.0,0.0,0.0,0.0,15.0,80459.0,5525.0
xiaomi/mimo-v2-flash:free,rlm_tips,real,0.0,0.0,0.0,1126603,214442.2521591187,2227.2751331329,216669.5272922516,0.0,0.0,0.0,0.0,0.0,0.0,0.0,0.0,26.0,258689.0,12188.0
xiaomi/mimo-v2-flash:free,rlm_tips,real,0.0,0.0,0.0,1283346,156227.1440029144,1506.3910484314,157733.5350513458,7.0,3022.0,230.0,0.0,7.0,1.0,7.0,7.0,20.0,173895.0,8218.0
xiaomi/mimo-v2-flash:free,rlm_tips,real,1.0,1.0,1.0,1363494,191968.8289165497,1178.1439781189,193146.9728946686,0.0,0.0,0.0,0.0,0.0,0.0,0.0,0.0,21.0,213985.0,11157.0
xiaomi/mimo-v2-flash:free,rlm_tips,real,0.0,0.0,0.0,1356679,157939.9299621582,1126.7461776733,159066.6761398315,0.0,0.0,0.0,0.0,0.0,0.0,0.0,0.0,22.0,182265.0,8063.0
xiaomi/mimo-v2-flash:free,rlm_tips,real,0.0,0.0,0.0,1318503,247884.4518661499,1285.5207920074,249169.9726581573,0.0,0.0,0.0,0.0,0.0,0.0,0.0,0.0,30.0,345736.0,16184.0
xiaomi/mimo-v2-flash:free,rlm_tips,real,1.0,0.0,1.0,1486244,81350.7459163666,2173.0401515961,83523.7860679626,0.0,0.0,0.0,0.0,0.0,0.0,0.0,0.0,10.0,72064.0,1880.0
xiaomi/mimo-v2-flash:free,rlm_tips,real,0.0,0.0,0.0,1557395,211402.7991294861,1130.7148933411,212533.5140228271,0.0,0.0,0.0,0.0,0.0,0.0,0.0,0.0,30.0,447242.0,11051.0
xiaomi/mimo-v2-flash:free,rlm_tips,real,0.0,0.0,0.0,1557395,233308.3989620209,1748.0340003967,235056.4329624176,0.0,0.0,0.0,0.0,0.0,0.0,0.0,0.0,30.0,417143.0,13944.0
xiaomi/mimo-v2-flash:free,rlm_tips,real,0.0,0.0,0.0,1636563,232285.9168052673,1545.6638336182,233831.5806388855,24.0,7987.0,939.0,0.0,24.0,1.0,24.0,24.0,21.0,296060.0,16197.0
xiaomi/mimo-v2-flash:free,rlm_tips,real,1.0,1.0,1.0,1518752,185960.4380130768,1754.0590763092,187714.497089386,0.0,0.0,0.0,0.0,0.0,0.0,0.0,0.0,21.0,185701.0,11882.0
xiaomi/mimo-v2-flash:free,rlm_tips,real,0.0,0.0,0.0,1584486,317741.0659790039,1288.5303497314,319029.5963287354,0.0,0.0,0.0,0.0,0.0,0.0,0.0,0.0,30.0,652550.0,25220.0
xiaomi/mimo-v2-flash:free,rlm_tips,real,0.0,0.0,0.0,1569922,184688.9388561249,1564.7871494293,186253.7260055542,0.0,0.0,0.0,0.0,0.0,0.0,0.0,0.0,30.0,377684.0,9078.0
xiaomi/mimo-v2-flash:free,rlm_tips,real,0.0,0.0,0.0,1870476,254391.3559913635,1429.0449619293,255820.4009532928,0.0,0.0,0.0,0.0,0.0,0.0,0.0,0.0,30.0,337158.0,14288.0
xiaomi/mimo-v2-flash:free,rlm_tips,real,0.0,0.0,0.0,2955959,135797.670841217,1740.250825882,137537.921667099,0.0,0.0,0.0,0.0,0.0,0.0,0.0,0.0,20.0,128920.0,6615.0
xiaomi/mimo-v2-flash:free,rlm_tips,real,0.0,0.0,0.0,2991214,186149.158000946,1267.0271396637,187416.1851406097,0.0,0.0,0.0,0.0,0.0,0.0,0.0,0.0,6.0,10667.0,670.0
xiaomi/mimo-v2-flash:free,rlm_tips,real,0.0,0.0,0.0,3151633,206536.8490219116,1244.4460391998,207781.2950611115,0.0,0.0,0.0,0.0,0.0,0.0,0.0,0.0,26.0,379194.0,13985.0
xiaomi/mimo-v2-flash:free,rlm_tips,real,0.0,0.0,0.0,3151633,89933.8371753693,2542.3879623413,92476.2251377106,0.0,0.0,0.0,0.0,0.0,0.0,0.0,0.0,11.0,32009.0,2664.0
xiaomi/mimo-v2-flash:free,rlm_tips,real,0.0,0.0,0.0,3133311,238847.0950126648,1518.7408924103,240365.8359050751,0.0,0.0,0.0,0.0,0.0,0.0,0.0,0.0,30.0,443224.0,16942.0
xiaomi/mimo-v2-flash:free,rlm_tips,real,0.0,0.0,0.0,3063225,213517.0168876648,951.4179229736,214468.4348106384,0.0,0.0,0.0,0.0,0.0,0.0,0.0,0.0,30.0,439711.0,13644.0
xiaomi/mimo-v2-flash:free,rlm_tips,real,0.0,0.0,0.0,2922296,180644.6866989136,1369.1129684448,182013.7996673584,0.0,0.0,0.0,0.0,0.0,0.0,0.0,0.0,30.0,358034.0,8405.0
xiaomi/mimo-v2-flash:free,rlm_tips,real,0.0,0.0,0.0,4467164,359711.8270397186,1436.6898536682,361148.5168933868,0.0,0.0,0.0,0.0,0.0,0.0,0.0,0.0,30.0,528721.0,28567.0
xiaomi/mimo-v2-flash:free,rlm_tips,real,0.0,0.0,0.0,4412367,274650.1100063324,947.3910331726,275597.501039505,0.0,0.0,0.0,0.0,0.0,0.0,0.0,0.0,30.0,532949.0,19318.0
xiaomi/mimo-v2-flash:free,rlm_tips,real,0.0,0.0,0.0,4412367,724543.4000492096,1364.6831512451,725908.0832004547,0.0,0.0,0.0,0.0,0.0,0.0,0.0,0.0,15.0,63583.0,4645.0
xiaomi/mimo-v2-flash:free,rlm_tips,real,0.0,0.0,0.0,4670062,215947.9539394379,1170.627117157,217118.5810565948,0.0,0.0,0.0,0.0,0.0,0.0,0.0,0.0,30.0,403839.0,12474.0
gpt-5-mini,rlm_tips,synth_with_labels,1.0,0.0,0.0,2378,138242.0501708984,1322.0701217651,139564.1202926636,0.0,0.0,0.0,0.0,0.0,0.0,0.0,0.0,4.0,5249.0,418.0
gpt-5-mini,rlm_tips,synth_with_labels,1.0,0.0,0.0,2378,148276.6952514648,1785.5842113495,150062.2794628143,0.0,0.0,0.0,0.0,0.0,0.0,0.0,0.0,7.0,15425.0,998.0
gpt-5-mini,rlm_tips,synth_with_labels,1.0,0.0,0.0,4847,123851.4461517334,1094.4321155548,124945.8782672882,0.0,0.0,0.0,0.0,0.0,0.0,0.0,0.0,6.0,8847.0,501.0
gpt-5-mini,rlm_tips,synth_with_labels,1.0,0.0,0.0,4847,147124.7930526733,1561.0601902008,148685.8532428741,0.0,0.0,0.0,0.0,0.0,0.0,0.0,0.0,4.0,5649.0,936.0
gpt-5-mini,rlm_tips,synth_with_labels,1.0,0.0,0.0,5362,128257.6098442078,4616.5900230408,132874.1998672485,0.0,0.0,0.0,0.0,0.0,0.0,0.0,0.0,5.0,5351.0,578.0
gpt-5-mini,rlm_tips,synth_with_labels,1.0,0.0,0.0,10996,134182.2957992554,1472.4171161652,135654.7129154205,0.0,0.0,0.0,0.0,0.0,0.0,0.0,0.0,6.0,7509.0,617.0
gpt-5-mini,rlm_tips,synth_with_labels,1.0,0.0,0.0,10996,137181.7009449005,1300.5871772766,138482.2881221771,0.0,0.0,0.0,0.0,0.0,0.0,0.0,0.0,7.0,14169.0,1104.0
gpt-5-mini,rlm_tips,synth_with_labels,1.0,0.0,0.0,44014,132867.203950882,1577.3618221283,134444.5657730103,0.0,0.0,0.0,0.0,0.0,0.0,0.0,0.0,7.0,17415.0,875.0
gpt-5-mini,rlm_tips,synth_with_labels,1.0,0.0,0.0,44014,148265.9800052643,1434.5667362213,149700.5467414856,0.0,0.0,0.0,0.0,0.0,0.0,0.0,0.0,8.0,15941.0,1033.0
gpt-5-mini,rlm_tips,synth_with_labels,1.0,0.0,0.0,44014,134323.4601020813,1362.4529838562,135685.9130859375,0.0,0.0,0.0,0.0,0.0,0.0,0.0,0.0,7.0,21883.0,902.0
gpt-5-mini,rlm_tips,synth_with_labels,1.0,0.0,0.0,47706,126611.8910312653,1235.3069782257,127847.198009491,0.0,0.0,0.0,0.0,0.0,0.0,0.0,0.0,7.0,8971.0,592.0
gpt-5-mini,rlm_tips,synth_with_labels,1.0,0.0,0.0,2664,125389.4031047821,1527.8129577637,126917.2160625458,0.0,0.0,0.0,0.0,0.0,0.0,0.0,0.0,6.0,11942.0,754.0
gpt-5-mini,rlm_tips,synth_with_labels,1.0,0.0,0.0,2664,126686.2592697144,1600.3937721252,128286.6530418396,0.0,0.0,0.0,0.0,0.0,0.0,0.0,0.0,6.0,11020.0,611.0
gpt-5-mini,rlm_tips,synth_with_labels,1.0,0.0,0.0,2664,122377.635717392,1511.7959976196,123889.4317150116,0.0,0.0,0.0,0.0,0.0,0.0,0.0,0.0,4.0,5364.0,515.0
gpt-5-mini,rlm_tips,synth_with_labels,1.0,0.0,0.0,2609,125104.3739318848,1369.3768978119,126473.7508296967,0.0,0.0,0.0,0.0,0.0,0.0,0.0,0.0,4.0,5162.0,750.0
gpt-5-mini,rlm_tips,synth_with_labels,1.0,0.0,0.0,5711,125746.2010383606,1689.1450881958,127435.3461265564,0.0,0.0,0.0,0.0,0.0,0.0,0.0,0.0,5.0,11928.0,732.0
gpt-5-mini,rlm_tips,synth_with_labels,1.0,0.0,0.0,11967,132560.9531402588,1470.0217247009,134030.9748649597,0.0,0.0,0.0,0.0,0.0,0.0,0.0,0.0,5.0,7500.0,628.0
gpt-5-mini,rlm_tips,synth_with_labels,1.0,0.0,0.0,11967,128631.7758560181,1612.0698451996,130243.8457012177,0.0,0.0,0.0,0.0,0.0,0.0,0.0,0.0,6.0,9973.0,679.0
gpt-5-mini,rlm_tips,synth_with_labels,1.0,0.0,0.0,11967,141867.0220375061,1715.7697677612,143582.7918052673,0.0,0.0,0.0,0.0,0.0,0.0,0.0,0.0,7.0,21537.0,978.0
gpt-5-mini,rlm_tips,synth_with_labels,1.0,0.0,0.0,23554,141520.7359790802,1423.5599040985,142944.2958831787,0.0,0.0,0.0,0.0,0.0,0.0,0.0,0.0,9.0,20369.0,948.0
gpt-5-mini,rlm_tips,synth_with_labels,1.0,0.0,0.0,22741,125110.2390289307,2179.3682575226,127289.6072864532,0.0,0.0,0.0,0.0,0.0,0.0,0.0,0.0,6.0,11746.0,495.0
gpt-5-mini,rlm_tips,synth_with_labels,1.0,0.0,0.0,22741,126084.6226215363,1667.7520275116,127752.3746490479,0.0,0.0,0.0,0.0,0.0,0.0,0.0,0.0,8.0,19422.0,516.0
gpt-5-mini,rlm_tips,synth_with_labels,1.0,0.0,0.0,22741,125538.635969162,1629.7032833099,127168.3392524719,0.0,0.0,0.0,0.0,0.0,0.0,0.0,0.0,6.0,9147.0,612.0
gpt-5-mini,rlm_tips,synth_with_labels,1.0,0.0,0.0,22741,125767.6532268524,1412.3010635376,127179.95429039,0.0,0.0,0.0,0.0,0.0,0.0,0.0,0.0,6.0,12122.0,592.0
gpt-5-mini,rlm_tips,synth_with_labels,1.0,0.0,0.0,385091,133151.1380672455,1411.1061096191,134562.2441768646,0.0,0.0,0.0,0.0,0.0,0.0,0.0,0.0,5.0,12893.0,937.0
gpt-5-mini,rlm_tips,synth_with_labels,1.0,0.0,0.0,385091,139307.8589439392,1334.5448970795,140642.4038410187,0.0,0.0,0.0,0.0,0.0,0.0,0.0,0.0,8.0,26886.0,1118.0
gpt-5-mini,rlm_tips,synth_with_labels,1.0,0.0,0.0,385091,139539.656162262,1191.9329166412,140731.5890789032,0.0,0.0,0.0,0.0,0.0,0.0,0.0,0.0,7.0,15647.0,1138.0
gpt-5-mini,rlm_tips,synth_with_labels,1.0,0.0,0.0,362537,129224.5528697968,1275.7170200348,130500.2698898315,0.0,0.0,0.0,0.0,0.0,0.0,0.0,0.0,5.0,7126.0,708.0
gpt-5-mini,rlm_tips,synth_with_labels,1.0,0.0,0.0,2942727,125742.6879405975,1576.0171413422,127318.7050819397,0.0,0.0,0.0,0.0,0.0,0.0,0.0,0.0,4.0,6140.0,737.0
gpt-5-mini,rlm_tips,synth_with_labels,1.0,0.0,0.0,725822,131593.4069156647,1136.862039566,132730.2689552307,0.0,0.0,0.0,0.0,0.0,0.0,0.0,0.0,5.0,7470.0,1112.0
gpt-5-mini,rlm_tips,synth_with_labels,1.0,0.0,0.0,1329865,137315.9697055817,1388.4129524231,138704.3826580048,0.0,0.0,0.0,0.0,0.0,0.0,0.0,0.0,5.0,13853.0,1078.0
gpt-5-mini,rlm_tips,synth_with_labels,1.0,0.0,0.0,1526991,125532.3131084442,1577.7308940887,127110.044002533,0.0,0.0,0.0,0.0,0.0,0.0,0.0,0.0,4.0,4416.0,726.0
gpt-5-mini,rlm_tips,synth_with_labels,1.0,0.0,0.0,1526991,124556.7309856415,1408.2970619202,125965.0280475616,0.0,0.0,0.0,0.0,0.0,0.0,0.0,0.0,4.0,4532.0,692.0
gpt-5-mini,rlm_tips,synth_with_labels,1.0,0.0,0.0,1526991,131744.9488639832,1198.4710693359,132943.4199333191,0.0,0.0,0.0,0.0,0.0,0.0,0.0,0.0,6.0,11778.0,648.0
gpt-5-mini,rlm_tips,synth_with_labels,1.0,0.0,0.0,5894808,129421.7488765717,1588.0048274994,131009.753704071,0.0,0.0,0.0,0.0,0.0,0.0,0.0,0.0,5.0,6869.0,748.0
gpt-5-mini,rlm_tips,synth_with_labels,1.0,0.0,0.0,5894808,162928.0920028687,1838.4437561035,164766.5357589722,0.0,0.0,0.0,0.0,0.0,0.0,0.0,0.0,8.0,15008.0,1850.0
gpt-5-mini,rlm_tips,synth_with_labels,1.0,0.0,0.0,10367542,132999.0882873535,1211.3878726959,134210.4761600494,0.0,0.0,0.0,0.0,0.0,0.0,0.0,0.0,6.0,19891.0,953.0
gpt-5-mini,rlm_tips,synth_with_labels,1.0,0.0,0.0,96689,124373.1398582458,1206.7658901215,125579.9057483673,0.0,0.0,0.0,0.0,0.0,0.0,0.0,0.0,5.0,6863.0,513.0
gpt-5-mini,rlm_tips,synth_with_labels,1.0,0.0,0.0,96689,124742.1197891235,1896.026134491,126638.1459236145,0.0,0.0,0.0,0.0,0.0,0.0,0.0,0.0,7.0,12634.0,481.0
gpt-5-mini,rlm_tips,synth_with_labels,1.0,0.0,0.0,97254,121586.5716934204,1973.6158847809,123560.1875782013,0.0,0.0,0.0,0.0,0.0,0.0,0.0,0.0,4.0,4518.0,554.0
gpt-5-mini,rlm_tips,synth_with_labels,0.0,0.0,0.0,97254,152648.9527225494,2214.339017868,154863.2917404175,0.0,0.0,0.0,0.0,0.0,0.0,0.0,0.0,8.0,15237.0,1837.0
gpt-5-mini,rlm_tips,synth_with_labels,1.0,0.0,0.0,194003,124716.5293693542,1481.5838336945,126198.1132030487,0.0,0.0,0.0,0.0,0.0,0.0,0.0,0.0,5.0,6777.0,543.0
gpt-5-mini,rlm_tips,synth_with_labels,1.0,0.0,0.0,194003,123921.6861724854,1283.0119132996,125204.6980857849,0.0,0.0,0.0,0.0,0.0,0.0,0.0,0.0,5.0,6574.0,400.0
gpt-5-mini,rlm_tips,synth_with_labels,1.0,0.0,0.0,1516142,125010.3480815887,1254.4078826904,126264.7559642792,0.0,0.0,0.0,0.0,0.0,0.0,0.0,0.0,5.0,7269.0,751.0
gpt-5-mini,rlm_tips,synth_with_labels,1.0,0.0,0.0,1546955,126160.9420776367,1911.7920398712,128072.7341175079,0.0,0.0,0.0,0.0,0.0,0.0,0.0,0.0,5.0,6852.0,585.0
gpt-5-mini,rlm_tips,synth_with_labels,1.0,0.0,0.0,391621,125025.8500576019,1508.8269710541,126534.677028656,0.0,0.0,0.0,0.0,0.0,0.0,0.0,0.0,5.0,7203.0,657.0
gpt-5-mini,rlm_tips,synth_with_labels,1.0,0.0,0.0,391621,126489.1340732574,1302.1030426025,127791.23711586,0.0,0.0,0.0,0.0,0.0,0.0,0.0,0.0,6.0,9562.0,600.0
gpt-5-mini,rlm_tips,synth_with_labels,1.0,0.0,0.0,387537,151773.7588882446,2845.8812236786,154619.6401119232,0.0,0.0,0.0,0.0,0.0,0.0,0.0,0.0,7.0,13473.0,1137.0
gpt-5-mini,rlm_tips,synth_with_labels,1.0,0.0,0.0,784232,126919.7130203247,1200.0477313995,128119.7607517242,0.0,0.0,0.0,0.0,0.0,0.0,0.0,0.0,4.0,7674.0,826.0
gpt-5-mini,rlm_tips,synth_with_labels,1.0,0.0,0.0,784232,128681.1299324036,1729.9630641937,130411.0929965973,0.0,0.0,0.0,0.0,0.0,0.0,0.0,0.0,7.0,11055.0,787.0
gpt-5-mini,rlm_tips,real,0.0,0.0,0.0,412864,261436.2559318542,1146.17395401,262582.4298858643,0.0,0.0,0.0,0.0,0.0,0.0,0.0,0.0,8.0,24254.0,3810.0
gpt-5-mini,rlm_tips,real,0.0,0.0,0.0,361858,446880.3536891937,1113.1682395935,447993.5219287872,0.0,0.0,0.0,0.0,0.0,0.0,0.0,0.0,12.0,20676.0,3406.0
gpt-5-mini,rlm_tips,real,0.0,0.0,0.0,372007,677731.8830490112,1013.2081508636,678745.0911998749,0.0,0.0,0.0,0.0,0.0,0.0,0.0,0.0,30.0,219963.0,12270.0
gpt-5-mini,rlm_tips,real,0.0,0.0,0.0,372007,581503.0629634857,1458.3320617676,582961.3950252533,0.0,0.0,0.0,0.0,0.0,0.0,0.0,0.0,22.0,161174.0,10166.0
gpt-5-mini,rlm_tips,real,0.0,0.0,0.0,372709,323100.7189750671,947.2148418427,324047.9338169098,3.0,94152.0,6623.0,0.0,3.0,1.0,3.0,3.0,8.0,10801.0,2486.0
gpt-5-mini,rlm_tips,real,0.0,0.0,0.0,337780,440332.6461315155,1315.0899410248,441647.7360725403,0.0,0.0,0.0,0.0,0.0,0.0,0.0,0.0,8.0,13315.0,1925.0
gpt-5-mini,rlm_tips,real,0.0,0.0,0.0,380913,1022674.3910312653,1392.0216560364,1024066.4126873016,215.0,461414.0,183951.0,0.0,215.0,6.0,49.0,35.8333333333,7.0,19861.0,3720.0
gpt-5-mini,rlm_tips,real,0.0,0.0,0.0,556759,570415.0500297546,1060.2180957794,571475.268125534,0.0,0.0,0.0,0.0,0.0,0.0,0.0,0.0,18.0,93134.0,8219.0
gpt-5-mini,rlm_tips,real,0.0,0.0,0.0,556759,575332.9448699951,1253.1552314758,576586.100101471,75.0,579290.0,84159.0,0.0,75.0,4.0,19.0,18.75,6.0,11642.0,2217.0
gpt-5-mini,rlm_tips,real,1.0,0.0,1.0,558302,689822.0212459564,1189.5699501038,691011.5911960602,0.0,0.0,0.0,0.0,0.0,0.0,0.0,0.0,18.0,147480.0,15464.0
gpt-5-mini,rlm_tips,real,0.0,0.0,0.0,535994,590284.1620445251,1073.6830234528,591357.8450679779,0.0,0.0,0.0,0.0,0.0,0.0,0.0,0.0,19.0,197477.0,10514.0
gpt-5-mini,rlm_tips,real,0.0,0.0,0.0,725434,669195.3580379486,1347.9290008545,670543.2870388031,127.0,22926.0,33037.0,0.0,127.0,3.0,73.0,42.3333333333,22.0,188984.0,9417.0
gpt-5-mini,rlm_tips,real,0.0,0.0,0.0,731418,259437.7100467682,1048.8986968994,260486.6087436676,0.0,0.0,0.0,0.0,0.0,0.0,0.0,0.0,3.0,2710.0,940.0
gpt-5-mini,rlm_tips,real,0.0,0.0,0.0,717548,316680.5500984192,1771.6469764709,318452.1970748901,0.0,0.0,0.0,0.0,0.0,0.0,0.0,0.0,8.0,26992.0,4342.0
gpt-5-mini,rlm_tips,real,0.0,0.0,0.0,827225,927297.6400852203,1283.472776413,928581.1128616333,40.0,174315.0,184320.0,0.0,40.0,1.0,40.0,40.0,8.0,34976.0,5302.0
gpt-5-mini,rlm_tips,real,0.0,0.0,0.0,700088,466716.258764267,1259.9720954895,467976.2308597565,0.0,0.0,0.0,0.0,0.0,0.0,0.0,0.0,11.0,101154.0,8568.0
gpt-5-mini,rlm_tips,real,1.0,0.0,1.0,700088,259219.8262214661,1461.8179798126,260681.6442012787,0.0,0.0,0.0,0.0,0.0,0.0,0.0,0.0,9.0,23066.0,3635.0
gpt-5-mini,rlm_tips,real,0.0,0.0,0.0,926010,186708.9359760284,2303.0710220337,189012.0069980621,6.0,235028.0,2641.0,0.0,6.0,1.0,6.0,6.0,6.0,7554.0,1290.0
gpt-5-mini,rlm_tips,real,0.0,0.0,0.0,926010,770080.3201198578,1548.4030246735,771628.7231445312,357.0,799962.0,148128.0,0.0,357.0,3.0,119.0,119.0,4.0,4109.0,1495.0
gpt-5-mini,rlm_tips,real,0.0,0.0,0.0,922092,190695.0280666351,2311.7868900299,193006.814956665,6.0,235246.0,8026.0,0.0,6.0,1.0,6.0,6.0,6.0,8394.0,1461.0
gpt-5-mini,rlm_tips,real,0.0,0.0,0.0,903334,258208.5959911346,1467.4680233002,259676.0640144348,0.0,0.0,0.0,0.0,0.0,0.0,0.0,0.0,11.0,32305.0,3781.0
gpt-5-mini,rlm_tips,real,0.0,0.0,0.0,983910,445669.2841053009,1506.667137146,447175.9512424469,0.0,0.0,0.0,0.0,0.0,0.0,0.0,0.0,6.0,24031.0,4295.0
gpt-5-mini,rlm_tips,real,0.0,0.0,0.0,983910,631268.9621448517,1262.9008293152,632531.8629741669,0.0,0.0,0.0,0.0,0.0,0.0,0.0,0.0,30.0,186700.0,7395.0
gpt-5-mini,rlm_tips,real,0.0,0.0,0.0,1076257,435109.0829372406,1049.1070747375,436158.1900119781,0.0,0.0,0.0,0.0,0.0,0.0,0.0,0.0,8.0,24409.0,6020.0
gpt-5-mini,rlm_tips,real,0.0,0.0,0.0,1157727,562089.1649723053,1180.6938648224,563269.8588371277,0.0,0.0,0.0,0.0,0.0,0.0,0.0,0.0,21.0,104908.0,9601.0
gpt-5-mini,rlm_tips,real,1.0,0.0,1.0,1157727,525540.5738353729,1296.2970733643,526836.8709087372,0.0,0.0,0.0,0.0,0.0,0.0,0.0,0.0,15.0,45656.0,7623.0
gpt-5-mini,rlm_tips,real,0.0,0.0,0.0,1126603,215961.1599445343,1130.5959224701,217091.7558670044,0.0,0.0,0.0,0.0,0.0,0.0,0.0,0.0,2.0,1673.0,469.0
gpt-5-mini,rlm_tips,real,0.0,0.0,0.0,1283346,691439.749956131,1048.789024353,692488.538980484,9.0,251368.0,23250.0,0.0,9.0,3.0,3.0,3.0,3.0,2936.0,1261.0
gpt-5-mini,rlm_tips,real,0.0,0.0,0.0,1363494,770374.0572929382,1320.2438354492,771694.3011283875,0.0,0.0,0.0,0.0,0.0,0.0,0.0,0.0,17.0,211613.0,21365.0
gpt-5-mini,rlm_tips,real,0.0,0.0,0.0,1356679,261329.9360275269,1213.7567996979,262543.6928272247,0.0,0.0,0.0,0.0,0.0,0.0,0.0,0.0,7.0,25619.0,3791.0
gpt-5-mini,rlm_tips,real,0.0,0.0,0.0,1318503,841089.7369384766,1368.2460784912,842457.9830169678,0.0,0.0,0.0,0.0,0.0,0.0,0.0,0.0,19.0,254478.0,24360.0
gpt-5-mini,rlm_tips,real,1.0,0.0,1.0,1486244,443609.6551418304,1354.6357154846,444964.2908573151,0.0,0.0,0.0,0.0,0.0,0.0,0.0,0.0,10.0,40670.0,4893.0
gpt-5-mini,rlm_tips,real,0.0,0.0,0.0,1557395,809674.017906189,1190.9098625183,810864.9277687073,33.0,46605.0,29355.0,0.0,33.0,1.0,33.0,33.0,7.0,9170.0,1693.0
gpt-5-mini,rlm_tips,real,0.0,0.0,0.0,1557395,445999.6769428253,1025.3458023071,447025.0227451324,0.0,0.0,0.0,0.0,0.0,0.0,0.0,0.0,10.0,40057.0,7174.0
gpt-5-mini,rlm_tips,real,0.0,0.0,0.0,1636563,446066.987991333,1512.4840736389,447579.4720649719,0.0,0.0,0.0,0.0,0.0,0.0,0.0,0.0,8.0,14586.0,3081.0
gpt-5-mini,rlm_tips,real,1.0,0.0,1.0,1518752,402599.6663570404,1694.2799091339,404293.9462661743,0.0,0.0,0.0,0.0,0.0,0.0,0.0,0.0,10.0,29889.0,5869.0
gpt-5-mini,rlm_tips,real,0.0,0.0,0.0,1584486,650138.3020877838,1167.6299571991,651305.9320449829,0.0,0.0,0.0,0.0,0.0,0.0,0.0,0.0,15.0,145812.0,11505.0
gpt-5-mini,rlm_tips,real,0.0,0.0,0.0,1569922,468626.3000965118,1143.4471607208,469769.7472572327,0.0,0.0,0.0,0.0,0.0,0.0,0.0,0.0,14.0,45340.0,8486.0
gpt-5-mini,rlm_tips,real,0.0,0.0,0.0,1870476,216108.647108078,1286.2467765808,217394.8938846588,0.0,0.0,0.0,0.0,0.0,0.0,0.0,0.0,2.0,1673.0,704.0
gpt-5-mini,rlm_tips,real,0.0,0.0,0.0,2955959,438482.1109771729,1545.4800128937,440027.5909900665,0.0,0.0,0.0,0.0,0.0,0.0,0.0,0.0,12.0,56603.0,7364.0
gpt-5-mini,rlm_tips,real,0.0,0.0,0.0,2991214,319887.7120018005,1099.9348163605,320987.646818161,0.0,0.0,0.0,0.0,0.0,0.0,0.0,0.0,3.0,3086.0,1316.0
gpt-5-mini,rlm_tips,real,0.0,0.0,0.0,3151633,762179.2430877686,4294.221162796,766473.4642505646,0.0,0.0,0.0,0.0,0.0,0.0,0.0,0.0,26.0,412524.0,21801.0
gpt-5-mini,rlm_tips,real,0.0,0.0,0.0,3151633,805824.6281147003,1009.3040466309,806833.9321613312,54.0,689323.0,144035.0,0.0,54.0,1.0,54.0,54.0,4.0,5376.0,1747.0
gpt-5-mini,rlm_tips,real,0.0,0.0,0.0,3133311,751893.6319351196,1522.7227210999,753416.3546562195,2.0,42358.0,4795.0,0.0,2.0,1.0,2.0,2.0,4.0,4420.0,1314.0
gpt-5-mini,rlm_tips,real,0.0,0.0,0.0,3063225,275765.9411430359,4929.3320178986,280695.2731609344,17.0,781263.0,15387.0,0.0,17.0,1.0,17.0,17.0,7.0,12286.0,2452.0
gpt-5-mini,rlm_tips,real,0.0,0.0,0.0,2922296,439004.4190883636,1287.8820896149,440292.3011779785,0.0,0.0,0.0,0.0,0.0,0.0,0.0,0.0,16.0,48836.0,4227.0
gpt-5-mini,rlm_tips,real,0.0,0.0,0.0,4467164,818637.8810405731,1451.48396492,820089.3650054932,20.0,878192.0,68891.0,0.0,20.0,1.0,20.0,20.0,5.0,5875.0,2469.0
gpt-5-mini,rlm_tips,real,0.0,0.0,0.0,4412367,1076972.1648693085,1267.0540809631,1078239.2189502716,261.0,244191.0,86701.0,0.0,261.0,1.0,261.0,261.0,10.0,57482.0,8472.0
gpt-5-mini,rlm_tips,real,0.0,0.0,0.0,4412367,647388.2489204407,1039.9758815765,648428.2248020172,45.0,12285.0,14679.0,0.0,45.0,1.0,45.0,45.0,16.0,136546.0,13350.0
gpt-5-mini,rlm_tips,real,0.0,0.0,0.0,4670062,629438.6830329895,1577.6619911194,631016.3450241089,0.0,0.0,0.0,0.0,0.0,0.0,0.0,0.0,16.0,156192.0,9610.0
gpt-5-mini,rlm,synth,1.0,0.0,0.0,2232,84530.4567813873,1408.5812568665,85939.0380382538,0.0,0.0,0.0,0.0,0.0,0.0,0.0,0.0,4.0,4872.0,629.0
gpt-5-mini,rlm,synth,1.0,0.0,0.0,2232,134701.6808986664,1360.9731197357,136062.6540184021,0.0,0.0,0.0,0.0,0.0,0.0,0.0,0.0,6.0,11887.0,2228.0
gpt-5-mini,rlm,synth,1.0,0.0,0.0,4457,110221.0659980774,1815.3479099274,112036.4139080048,0.0,0.0,0.0,0.0,0.0,0.0,0.0,0.0,6.0,14865.0,1890.0
gpt-5-mini,rlm,synth,1.0,0.0,0.0,4457,96803.5938739777,1675.5111217499,98479.1049957275,0.0,0.0,0.0,0.0,0.0,0.0,0.0,0.0,4.0,6466.0,1151.0
gpt-5-mini,rlm,synth,1.0,0.0,0.0,4969,83809.9429607391,1525.407075882,85335.3500366211,0.0,0.0,0.0,0.0,0.0,0.0,0.0,0.0,4.0,4048.0,532.0
gpt-5-mini,rlm,synth,1.0,0.0,0.0,10115,92791.6197776794,1749.8948574066,94541.5146350861,0.0,0.0,0.0,0.0,0.0,0.0,0.0,0.0,4.0,5051.0,804.0
gpt-5-mini,rlm,synth,1.0,0.0,0.0,10115,157597.8677272797,1404.5088291168,159002.3765563965,0.0,0.0,0.0,0.0,0.0,0.0,0.0,0.0,11.0,69269.0,3378.0
gpt-5-mini,rlm,synth,1.0,0.0,0.0,40164,95378.1158924103,1361.3469600677,96739.462852478,0.0,0.0,0.0,0.0,0.0,0.0,0.0,0.0,7.0,9172.0,596.0
gpt-5-mini,rlm,synth,1.0,0.0,0.0,40164,217104.5579910278,957.9598903656,218062.5178813934,57.0,6442.0,13032.0,0.0,57.0,1.0,57.0,57.0,11.0,77254.0,3035.0
gpt-5-mini,rlm,synth,0.0,0.0,0.0,40164,257100.1000404358,1573.6839771271,258673.7840175629,57.0,7123.0,18293.0,0.0,57.0,1.0,57.0,57.0,14.0,165257.0,3885.0
gpt-5-mini,rlm,synth,1.0,0.0,0.0,43811,89247.6940155029,1745.6541061401,90993.3481216431,0.0,0.0,0.0,0.0,0.0,0.0,0.0,0.0,5.0,4924.0,351.0
gpt-5-mini,rlm,synth,1.0,0.0,0.0,2300,109291.118144989,1947.6301670074,111238.7483119965,0.0,0.0,0.0,0.0,0.0,0.0,0.0,0.0,5.0,8225.0,1891.0
gpt-5-mini,rlm,synth,1.0,0.0,0.0,2300,123975.6019115448,1543.8101291656,125519.4120407104,0.0,0.0,0.0,0.0,0.0,0.0,0.0,0.0,4.0,4882.0,2887.0
gpt-5-mini,rlm,synth,1.0,0.0,0.0,2300,103553.3657073975,1666.787147522,105220.1528549194,0.0,0.0,0.0,0.0,0.0,0.0,0.0,0.0,5.0,6597.0,1396.0
gpt-5-mini,rlm,synth,0.0,0.0,0.0,2274,125891.2410736084,1605.327129364,127496.5682029724,0.0,0.0,0.0,0.0,0.0,0.0,0.0,0.0,5.0,6379.0,2726.0
gpt-5-mini,rlm,synth,1.0,0.0,0.0,4708,117952.4312019348,1590.806722641,119543.2379245758,0.0,0.0,0.0,0.0,0.0,0.0,0.0,0.0,6.0,15666.0,2609.0
gpt-5-mini,rlm,synth,0.0,0.0,0.0,9745,223136.6338729858,1272.3262310028,224408.9601039886,0.0,0.0,0.0,0.0,0.0,0.0,0.0,0.0,13.0,79764.0,8688.0
gpt-5-mini,rlm,synth,0.0,0.0,0.0,9745,98023.7600803375,1616.9211864471,99640.6812667847,0.0,0.0,0.0,0.0,0.0,0.0,0.0,0.0,6.0,28633.0,1302.0
gpt-5-mini,rlm,synth,1.0,0.0,0.0,9745,208602.963924408,1439.0690326691,210042.032957077,89.0,10359.0,24365.0,0.0,89.0,1.0,89.0,89.0,7.0,23167.0,1377.0
gpt-5-mini,rlm,synth,0.0,0.0,0.0,19142,703827.1479606628,1477.5097370148,705304.6576976776,376.0,50352.0,101128.0,0.0,376.0,2.0,188.0,188.0,7.0,23264.0,901.0
gpt-5-mini,rlm,synth,1.0,0.0,0.0,18498,97442.6600933075,1597.0349311829,99039.6950244904,0.0,0.0,0.0,0.0,0.0,0.0,0.0,0.0,6.0,17268.0,943.0
gpt-5-mini,rlm,synth,0.0,0.0,0.0,18498,94294.6407794952,1392.5988674164,95687.2396469116,0.0,0.0,0.0,0.0,0.0,0.0,0.0,0.0,7.0,21060.0,932.0
gpt-5-mini,rlm,synth,0.0,0.0,0.0,18498,113794.6479320526,1710.2341651917,115504.8820972443,0.0,0.0,0.0,0.0,0.0,0.0,0.0,0.0,7.0,24179.0,1824.0
gpt-5-mini,rlm,synth,1.0,0.0,0.0,18498,115282.5522422791,1490.8931255341,116773.4453678131,0.0,0.0,0.0,0.0,0.0,0.0,0.0,0.0,6.0,16773.0,2337.0
gpt-5-mini,rlm,synth,0.0,0.0,0.0,353283,198262.423992157,1367.5100803375,199629.9340724945,0.0,0.0,0.0,0.0,0.0,0.0,0.0,0.0,17.0,134738.0,5878.0
gpt-5-mini,rlm,synth,1.0,0.0,0.0,353283,139277.2381305695,1546.2861061096,140823.5242366791,0.0,0.0,0.0,0.0,0.0,0.0,0.0,0.0,11.0,54106.0,3309.0
gpt-5-mini,rlm,synth,0.0,0.0,0.0,353283,143435.0588321686,1635.1029872894,145070.161819458,0.0,0.0,0.0,0.0,0.0,0.0,0.0,0.0,12.0,69121.0,3071.0
gpt-5-mini,rlm,synth,1.0,0.0,0.0,331050,196319.5879459381,1636.0108852386,197955.5988311768,25.0,3101.0,6162.0,0.0,25.0,1.0,25.0,25.0,11.0,63204.0,4287.0
gpt-5-mini,rlm,synth,0.0,0.0,0.0,2689330,227883.2960128784,1056.1957359314,228939.4917488098,0.0,0.0,0.0,0.0,0.0,0.0,0.0,0.0,18.0,168614.0,7591.0
gpt-5-mini,rlm,synth,1.0,0.0,0.0,662710,210651.554107666,1747.2290992737,212398.7832069397,34.0,4296.0,10190.0,0.0,34.0,1.0,34.0,34.0,17.0,167020.0,4471.0
gpt-5-mini,rlm,synth,0.0,0.0,0.0,1205292,151364.1591072083,2159.0058803558,153523.1649875641,0.0,0.0,0.0,0.0,0.0,0.0,0.0,0.0,11.0,62297.0,3495.0
gpt-5-mini,rlm,synth,0.0,0.0,0.0,1399537,158292.0711040497,1659.2128276825,159951.2839317322,0.0,0.0,0.0,0.0,0.0,0.0,0.0,0.0,11.0,81335.0,4462.0
gpt-5-mini,rlm,synth,0.0,0.0,0.0,1399537,195952.0261287689,1453.4130096436,197405.4391384125,0.0,0.0,0.0,0.0,0.0,0.0,0.0,0.0,12.0,103258.0,6157.0
gpt-5-mini,rlm,synth,1.0,0.0,0.0,1399537,106355.8969497681,1504.0788650513,107859.9758148193,0.0,0.0,0.0,0.0,0.0,0.0,0.0,0.0,5.0,6821.0,1571.0
gpt-5-mini,rlm,synth,0.0,0.0,0.0,5387769,1015324.6119022369,1448.7679004669,1016773.3798027039,206.0,26654.0,59073.0,0.0,206.0,2.0,200.0,103.0,16.0,182558.0,18855.0
gpt-5-mini,rlm,synth,0.0,0.0,0.0,5387769,767853.7158966064,1339.3528461456,769193.0687427521,344.0,44422.0,165596.0,0.0,344.0,1.0,344.0,344.0,12.0,75130.0,4171.0
gpt-5-mini,rlm,synth,1.0,0.0,0.0,9374195,257330.5189609528,1235.6150150299,258566.1339759827,0.0,0.0,0.0,0.0,0.0,0.0,0.0,0.0,23.0,293544.0,8955.0
gpt-5-mini,rlm,synth,1.0,0.0,0.0,76803,156793.9240932465,1682.3008060455,158476.224899292,0.0,0.0,0.0,0.0,0.0,0.0,0.0,0.0,13.0,69422.0,4154.0
gpt-5-mini,rlm,synth,0.0,0.0,0.0,76803,728702.714920044,1572.685956955,730275.4008769989,624.0,82295.0,137985.0,0.0,624.0,7.0,100.0,89.1428571429,8.0,27520.0,2049.0
gpt-5-mini,rlm,synth,0.0,0.0,0.0,78138,112189.777135849,1064.1629695892,113253.9401054382,0.0,0.0,0.0,0.0,0.0,0.0,0.0,0.0,7.0,19387.0,1700.0
gpt-5-mini,rlm,synth,0.0,0.0,0.0,78138,101373.4211921692,2855.2503585815,104228.6715507507,0.0,0.0,0.0,0.0,0.0,0.0,0.0,0.0,6.0,10416.0,1240.0
gpt-5-mini,rlm,synth,0.0,0.0,0.0,153459,159328.093290329,1391.5712833405,160719.6645736694,0.0,0.0,0.0,0.0,0.0,0.0,0.0,0.0,7.0,37816.0,2668.0
gpt-5-mini,rlm,synth,0.0,0.0,0.0,153459,762444.7638988495,1635.7281208038,764080.4920196533,610.0,79889.0,142576.0,0.0,610.0,13.0,50.0,46.9230769231,9.0,35074.0,2036.0
gpt-5-mini,rlm,synth,1.0,0.0,0.0,1227147,123645.3120708466,2177.4678230286,125822.7798938751,0.0,0.0,0.0,0.0,0.0,0.0,0.0,0.0,9.0,30054.0,2294.0
gpt-5-mini,rlm,synth,1.0,0.0,0.0,1208389,86511.706829071,1509.505033493,88021.2118625641,0.0,0.0,0.0,0.0,0.0,0.0,0.0,0.0,4.0,3739.0,616.0
gpt-5-mini,rlm,synth,1.0,0.0,0.0,316769,186647.2828388214,1576.1699676514,188223.4528064728,0.0,0.0,0.0,0.0,0.0,0.0,0.0,0.0,13.0,101805.0,6578.0
gpt-5-mini,rlm,synth,0.0,0.0,0.0,316769,125635.8029842377,1608.0961227417,127243.8991069794,0.0,0.0,0.0,0.0,0.0,0.0,0.0,0.0,10.0,58629.0,2514.0
gpt-5-mini,rlm,synth,0.0,0.0,0.0,308367,163090.567111969,2731.0302257538,165821.5973377228,0.0,0.0,0.0,0.0,0.0,0.0,0.0,0.0,12.0,66982.0,3958.0
gpt-5-mini,rlm,synth,0.0,0.0,0.0,618252,235199.0857124329,1400.8319377899,236599.9176502228,0.0,0.0,0.0,0.0,0.0,0.0,0.0,0.0,16.0,72768.0,7599.0
gpt-5-mini,rlm,synth,0.0,0.0,0.0,618252,175633.0280303955,1560.2149963379,177193.2430267334,0.0,0.0,0.0,0.0,0.0,0.0,0.0,0.0,9.0,31238.0,3275.0
gpt-5-mini,rlm,real,0.0,0.0,1.0,412864,442478.887796402,3102.2770404816,445581.1648368835,0.0,0.0,0.0,0.0,0.0,0.0,0.0,0.0,26.0,289255.0,25452.0
gpt-5-mini,rlm,real,0.0,0.0,0.0,361858,99919.930934906,1129.9419403076,101049.8728752136,0.0,0.0,0.0,0.0,0.0,0.0,0.0,0.0,9.0,15123.0,2864.0
gpt-5-mini,rlm,real,0.0,0.0,0.0,372007,394803.3292293549,1289.2479896545,396092.5772190094,0.0,0.0,0.0,0.0,0.0,0.0,0.0,0.0,30.0,383186.0,20756.0
gpt-5-mini,rlm,real,0.0,0.0,0.0,372007,169709.5341682434,1223.4261035919,170932.9602718353,0.0,0.0,0.0,0.0,0.0,0.0,0.0,0.0,18.0,85180.0,6595.0
gpt-5-mini,rlm,real,0.0,0.0,0.0,372709,180483.9379787445,1098.6201763153,181582.5581550598,0.0,0.0,0.0,0.0,0.0,0.0,0.0,0.0,14.0,56240.0,8323.0
gpt-5-mini,rlm,real,0.0,0.0,0.0,337780,114214.7750854492,1921.2300777435,116136.0051631927,0.0,0.0,0.0,0.0,0.0,0.0,0.0,0.0,15.0,28292.0,3288.0
gpt-5-mini,rlm,real,0.0,0.0,0.0,380913,418907.8521728516,4072.0489025116,422979.9010753632,0.0,0.0,0.0,0.0,0.0,0.0,0.0,0.0,30.0,385938.0,24044.0
gpt-5-mini,rlm,real,0.0,0.0,0.0,556759,88455.5220603943,1162.4307632446,89617.9528236389,0.0,0.0,0.0,0.0,0.0,0.0,0.0,0.0,9.0,20530.0,2728.0
gpt-5-mini,rlm,real,0.0,0.0,0.0,556759,539190.16289711,1914.5770072937,541104.7399044037,0.0,0.0,0.0,0.0,0.0,0.0,0.0,0.0,30.0,323248.0,35646.0
gpt-5-mini,rlm,real,1.0,0.0,1.0,558302,201804.2340278625,1408.7421894073,203212.9762172699,0.0,0.0,0.0,0.0,0.0,0.0,0.0,0.0,16.0,105352.0,9992.0
gpt-5-mini,rlm,real,0.0,0.0,0.0,535994,518254.0850639343,1332.0341110229,519586.1191749573,0.0,0.0,0.0,0.0,0.0,0.0,0.0,0.0,26.0,388235.0,28152.0
gpt-5-mini,rlm,real,0.0,0.0,0.0,725434,472002.167224884,1230.7951450348,473232.9623699188,0.0,0.0,0.0,0.0,0.0,0.0,0.0,0.0,26.0,414508.0,26516.0
gpt-5-mini,rlm,real,0.0,0.0,0.0,731418,150019.4087028503,1126.6570091248,151146.0657119751,0.0,0.0,0.0,0.0,0.0,0.0,0.0,0.0,9.0,34162.0,6481.0
gpt-5-mini,rlm,real,0.0,0.0,0.0,717548,71129.0051937103,1482.4738502502,72611.4790439606,0.0,0.0,0.0,0.0,0.0,0.0,0.0,0.0,7.0,9506.0,1301.0
gpt-5-mini,rlm,real,0.0,0.0,0.0,827225,220627.023935318,1160.6171131134,221787.6410484314,0.0,0.0,0.0,0.0,0.0,0.0,0.0,0.0,16.0,173691.0,12014.0
gpt-5-mini,rlm,real,0.0,0.0,0.0,700088,175568.8860416412,1177.5929927826,176746.4790344238,0.0,0.0,0.0,0.0,0.0,0.0,0.0,0.0,13.0,71577.0,7630.0
gpt-5-mini,rlm,real,0.0,0.0,0.0,700088,126063.2910728455,1024.3201255798,127087.6111984253,0.0,0.0,0.0,0.0,0.0,0.0,0.0,0.0,14.0,70430.0,4458.0
gpt-5-mini,rlm,real,0.0,0.0,0.0,926010,282135.5118751526,1706.1700820923,283841.6819572449,0.0,0.0,0.0,0.0,0.0,0.0,0.0,0.0,16.0,110804.0,12000.0
gpt-5-mini,rlm,real,0.0,0.0,0.0,926010,582957.9548835754,1406.7409038544,584364.6957874298,0.0,0.0,0.0,0.0,0.0,0.0,0.0,0.0,30.0,475688.0,27045.0
gpt-5-mini,rlm,real,0.0,0.0,0.0,922092,190419.7471141815,1872.969865799,192292.7169799805,0.0,0.0,0.0,0.0,0.0,0.0,0.0,0.0,13.0,73226.0,9572.0
gpt-5-mini,rlm,real,0.0,0.0,0.0,903334,133023.9169597626,1185.8658790588,134209.7828388214,0.0,0.0,0.0,0.0,0.0,0.0,0.0,0.0,14.0,50870.0,4931.0
gpt-5-mini,rlm,real,0.0,0.0,0.0,983910,84630.8701038361,1377.1650791168,86008.0351829529,0.0,0.0,0.0,0.0,0.0,0.0,0.0,0.0,6.0,15709.0,2381.0
gpt-5-mini,rlm,real,0.0,0.0,0.0,983910,4240283.000707626,1471.8930721283,4241754.893779755,0.0,0.0,0.0,0.0,0.0,0.0,0.0,0.0,11.0,29212.0,2963.0
gpt-5-mini,rlm,real,0.0,0.0,0.0,1076257,334329.4429779053,1412.6288890839,335742.0718669891,0.0,0.0,0.0,0.0,0.0,0.0,0.0,0.0,19.0,188979.0,19256.0
gpt-5-mini,rlm,real,0.0,0.0,0.0,1157727,256571.7189311981,1322.7479457855,257894.4668769836,0.0,0.0,0.0,0.0,0.0,0.0,0.0,0.0,20.0,207919.0,14132.0
gpt-5-mini,rlm,real,1.0,0.0,1.0,1157727,145873.6977577209,1425.9479045868,147299.6456623077,0.0,0.0,0.0,0.0,0.0,0.0,0.0,0.0,13.0,43776.0,6425.0
gpt-5-mini,rlm,real,1.0,0.0,1.0,1126603,926261.656999588,3277.9569625854,929539.6139621735,0.0,0.0,0.0,0.0,0.0,0.0,0.0,0.0,19.0,156099.0,21173.0
gpt-5-mini,rlm,real,0.0,0.0,0.0,1283346,485391.8089866638,1374.6349811554,486766.4439678192,0.0,0.0,0.0,0.0,0.0,0.0,0.0,0.0,30.0,767332.0,26514.0
gpt-5-mini,rlm,real,1.0,0.0,1.0,1363494,222922.6670265198,1344.9137210846,224267.5807476044,0.0,0.0,0.0,0.0,0.0,0.0,0.0,0.0,20.0,110776.0,10790.0
gpt-5-mini,rlm,real,0.0,0.0,0.0,1356679,101257.0588588715,1301.3422489166,102558.4011077881,0.0,0.0,0.0,0.0,0.0,0.0,0.0,0.0,8.0,29691.0,3587.0
gpt-5-mini,rlm,real,0.0,0.0,0.0,1318503,455466.2399291992,1206.5427303314,456672.7826595306,0.0,0.0,0.0,0.0,0.0,0.0,0.0,0.0,27.0,311232.0,25468.0
gpt-5-mini,rlm,real,1.0,0.0,1.0,1486244,136154.8190116882,1818.9890384674,137973.8080501556,0.0,0.0,0.0,0.0,0.0,0.0,0.0,0.0,11.0,44451.0,4741.0
gpt-5-mini,rlm,real,0.0,0.0,0.0,1557395,138240.3190135956,1584.2370986938,139824.5561122894,0.0,0.0,0.0,0.0,0.0,0.0,0.0,0.0,9.0,27456.0,4894.0
gpt-5-mini,rlm,real,0.0,0.0,0.0,1557395,194570.2819824219,1284.1770648956,195854.4590473175,0.0,0.0,0.0,0.0,0.0,0.0,0.0,0.0,30.0,216859.0,7132.0
gpt-5-mini,rlm,real,0.0,0.0,0.0,1636563,533252.0821094513,2052.5760650635,535304.6581745148,0.0,0.0,0.0,0.0,0.0,0.0,0.0,0.0,21.0,453734.0,25213.0
gpt-5-mini,rlm,real,1.0,0.0,1.0,1518752,160325.2069950104,1235.1319789886,161560.338973999,0.0,0.0,0.0,0.0,0.0,0.0,0.0,0.0,14.0,72913.0,6811.0
gpt-5-mini,rlm,real,0.0,0.0,0.0,1584486,209944.0381526947,1228.2681465149,211172.3062992096,0.0,0.0,0.0,0.0,0.0,0.0,0.0,0.0,11.0,69979.0,11041.0
gpt-5-mini,rlm,real,1.0,0.0,1.0,1569922,63770.6909179688,1357.1019172668,65127.7928352356,0.0,0.0,0.0,0.0,0.0,0.0,0.0,0.0,4.0,3717.0,806.0
gpt-5-mini,rlm,real,0.0,0.0,0.0,1870476,219249.6860027313,1704.1070461273,220953.7930488586,0.0,0.0,0.0,0.0,0.0,0.0,0.0,0.0,12.0,57046.0,9522.0
gpt-5-mini,rlm,real,0.0,0.0,0.0,2955959,97804.3520450592,1676.4581203461,99480.8101654053,0.0,0.0,0.0,0.0,0.0,0.0,0.0,0.0,10.0,18707.0,2810.0
gpt-5-mini,rlm,real,0.0,0.0,0.0,2991214,794797.5127696991,1582.230091095,796379.7428607941,300.0,47021.0,71266.0,0.0,300.0,1.0,300.0,300.0,10.0,67164.0,9026.0
gpt-5-mini,rlm,real,0.0,0.0,0.0,3151633,319321.1660385132,2178.8330078125,321499.9990463257,0.0,0.0,0.0,0.0,0.0,0.0,0.0,0.0,23.0,284388.0,14790.0
gpt-5-mini,rlm,real,0.0,0.0,0.0,3151633,195867.7940368652,5067.8608417511,200935.6548786163,0.0,0.0,0.0,0.0,0.0,0.0,0.0,0.0,21.0,111047.0,8506.0
gpt-5-mini,rlm,real,0.0,0.0,0.0,3133311,289157.310962677,1083.8088989258,290241.1198616028,0.0,0.0,0.0,0.0,0.0,0.0,0.0,0.0,19.0,288539.0,12903.0
gpt-5-mini,rlm,real,0.0,0.0,0.0,3063225,182211.042881012,1128.5412311554,183339.5841121674,0.0,0.0,0.0,0.0,0.0,0.0,0.0,0.0,12.0,47577.0,9516.0
gpt-5-mini,rlm,real,0.0,0.0,0.0,2922296,126649.7731208801,1493.932723999,128143.7058448792,0.0,0.0,0.0,0.0,0.0,0.0,0.0,0.0,19.0,52562.0,4151.0
gpt-5-mini,rlm,real,0.0,0.0,0.0,4467164,202998.6691474915,1395.2870368958,204393.9561843872,0.0,0.0,0.0,0.0,0.0,0.0,0.0,0.0,11.0,95987.0,11799.0
gpt-5-mini,rlm,real,0.0,0.0,1.0,4412367,300755.8839321136,1195.6448554993,301951.5287876129,0.0,0.0,0.0,0.0,0.0,0.0,0.0,0.0,21.0,218191.0,15784.0
gpt-5-mini,rlm,real,0.0,0.0,0.0,4412367,1022404.8058986664,1331.613779068,1023736.4196777344,600.0,81154.0,173706.0,0.0,600.0,5.0,120.0,120.0,18.0,239854.0,17345.0
gpt-5-mini,rlm,real,0.0,0.0,0.0,4670062,98641.163110733,2046.9450950623,100688.1082057953,0.0,0.0,0.0,0.0,0.0,0.0,0.0,0.0,15.0,42340.0,2377.0
gpt-5-mini,standard,synth,1.0,0.0,0.0,2232,4572.5839138031,2138.5200023651,6711.1039161682,0.0,0.0,0.0,0.0,0.0,0.0,0.0,0.0,1.0,712.0,273.0
gpt-5-mini,standard,synth,1.0,0.0,0.0,2232,13662.2440814972,1085.3087902069,14747.5528717041,0.0,0.0,0.0,0.0,0.0,0.0,0.0,0.0,1.0,728.0,1041.0
gpt-5-mini,standard,synth,1.0,0.0,0.0,4457,24313.6320114136,1423.0711460114,25736.7031574249,0.0,0.0,0.0,0.0,0.0,0.0,0.0,0.0,1.0,1414.0,2066.0
gpt-5-mini,standard,synth,1.0,0.0,0.0,4457,6922.8410720825,1235.2409362793,8158.0820083618,0.0,0.0,0.0,0.0,0.0,0.0,0.0,0.0,1.0,1460.0,533.0
gpt-5-mini,standard,synth,1.0,0.0,0.0,4969,8910.7639789581,3718.9030647278,12629.6670436859,0.0,0.0,0.0,0.0,0.0,0.0,0.0,0.0,1.0,1569.0,658.0
gpt-5-mini,standard,synth,1.0,0.0,0.0,10115,23174.1256713867,1487.2319698334,24661.3576412201,0.0,0.0,0.0,0.0,0.0,0.0,0.0,0.0,1.0,3183.0,1618.0
gpt-5-mini,standard,synth,1.0,0.0,0.0,10115,17645.5507278442,2045.76420784,19691.3149356842,0.0,0.0,0.0,0.0,0.0,0.0,0.0,0.0,1.0,3206.0,1424.0
gpt-5-mini,standard,synth,1.0,0.0,0.0,40164,191178.8680553436,1362.0510101318,192540.9190654755,0.0,0.0,0.0,0.0,0.0,0.0,0.0,0.0,1.0,12890.0,15953.0
gpt-5-mini,standard,synth,1.0,0.0,0.0,40164,118261.8579864502,2673.7492084503,120935.6071949005,0.0,0.0,0.0,0.0,0.0,0.0,0.0,0.0,1.0,12946.0,9365.0
gpt-5-mini,standard,synth,0.0,0.0,0.0,40164,148121.4337348938,859.7018718719,148981.1356067657,0.0,0.0,0.0,0.0,0.0,0.0,0.0,0.0,1.0,12912.0,11409.0
gpt-5-mini,standard,synth,1.0,0.0,0.0,43811,212773.9589214325,1474.1070270538,214248.0659484863,0.0,0.0,0.0,0.0,0.0,0.0,0.0,0.0,1.0,13764.0,12498.0
gpt-5-mini,standard,synth,1.0,0.0,0.0,2300,14432.7011108398,1159.9411964417,15592.6423072815,0.0,0.0,0.0,0.0,0.0,0.0,0.0,0.0,1.0,701.0,1112.0
gpt-5-mini,standard,synth,1.0,0.0,0.0,2300,23187.4058246613,1305.478811264,24492.8846359253,0.0,0.0,0.0,0.0,0.0,0.0,0.0,0.0,1.0,702.0,1881.0
gpt-5-mini,standard,synth,1.0,0.0,0.0,2300,3938.7452602386,1315.2799606323,5254.025220871,0.0,0.0,0.0,0.0,0.0,0.0,0.0,0.0,1.0,693.0,275.0
gpt-5-mini,standard,synth,0.0,0.0,0.0,2274,14263.9212608337,1220.2360630035,15484.1573238373,0.0,0.0,0.0,0.0,0.0,0.0,0.0,0.0,1.0,639.0,1105.0
gpt-5-mini,standard,synth,1.0,0.0,0.0,4708,34273.1938362122,1491.2769794464,35764.4708156586,0.0,0.0,0.0,0.0,0.0,0.0,0.0,0.0,1.0,1394.0,2649.0
gpt-5-mini,standard,synth,0.0,0.0,0.0,9745,54407.4881076813,1050.9598255157,55458.447933197,0.0,0.0,0.0,0.0,0.0,0.0,0.0,0.0,1.0,2897.0,4950.0
gpt-5-mini,standard,synth,1.0,0.0,0.0,9745,55018.862247467,1638.6840343475,56657.5462818146,0.0,0.0,0.0,0.0,0.0,0.0,0.0,0.0,1.0,2901.0,4568.0
gpt-5-mini,standard,synth,1.0,0.0,0.0,9745,69255.3339004517,1618.399143219,70873.7330436707,0.0,0.0,0.0,0.0,0.0,0.0,0.0,0.0,1.0,2903.0,6489.0
gpt-5-mini,standard,synth,1.0,0.0,0.0,19142,97208.0991268158,1642.7590847015,98850.8582115173,0.0,0.0,0.0,0.0,0.0,0.0,0.0,0.0,1.0,5691.0,8019.0
gpt-5-mini,standard,synth,1.0,0.0,0.0,18498,62522.2949981689,1581.2909603119,64103.5859584808,0.0,0.0,0.0,0.0,0.0,0.0,0.0,0.0,1.0,5582.0,4880.0
gpt-5-mini,standard,synth,1.0,0.0,0.0,18498,81346.7960357666,1434.9269866943,82781.7230224609,0.0,0.0,0.0,0.0,0.0,0.0,0.0,0.0,1.0,5598.0,5527.0
gpt-5-mini,standard,synth,1.0,0.0,0.0,18498,60572.3950862885,1295.2620983124,61867.6571846008,0.0,0.0,0.0,0.0,0.0,0.0,0.0,0.0,1.0,5596.0,5590.0
gpt-5-mini,standard,synth,1.0,0.0,0.0,18498,71854.257106781,1231.6727638245,73085.9298706055,0.0,0.0,0.0,0.0,0.0,0.0,0.0,0.0,1.0,5597.0,5398.0
gpt-5-mini,standard,synth,0.0,0.0,0.0,353283,14072.2470283508,1046.826839447,15119.0738677979,0.0,0.0,0.0,0.0,0.0,0.0,0.0,0.0,1.0,112079.0,402.0
gpt-5-mini,standard,synth,1.0,0.0,0.0,353283,98091.6800498962,1460.8538150787,99552.533864975,0.0,0.0,0.0,0.0,0.0,0.0,0.0,0.0,1.0,112127.0,3989.0
gpt-5-mini,standard,synth,0.0,0.0,0.0,353283,9897.4130153656,1148.5271453857,11045.9401607513,0.0,0.0,0.0,0.0,0.0,0.0,0.0,0.0,1.0,112100.0,464.0
gpt-5-mini,standard,synth,1.0,0.0,0.0,331050,73539.1571521759,1135.2410316467,74674.3981838226,0.0,0.0,0.0,0.0,0.0,0.0,0.0,0.0,1.0,104651.0,6034.0
gpt-5-mini,standard,synth,0.0,0.0,0.0,2689330,4798.4459400177,1754.1341781616,6552.5801181793,0.0,0.0,0.0,0.0,0.0,0.0,0.0,0.0,0.0,0.0,0.0
gpt-5-mini,standard,synth,1.0,0.0,0.0,662710,39716.6337966919,1992.9368495941,41709.570646286,0.0,0.0,0.0,0.0,0.0,0.0,0.0,0.0,1.0,209567.0,2386.0
gpt-5-mini,standard,synth,0.0,0.0,0.0,1205292,2417.0789718628,1571.8569755554,3988.9359474182,0.0,0.0,0.0,0.0,0.0,0.0,0.0,0.0,0.0,0.0,0.0
gpt-5-mini,standard,synth,0.0,0.0,0.0,1399537,3103.9617061615,1750.2269744873,4854.1886806488,0.0,0.0,0.0,0.0,0.0,0.0,0.0,0.0,0.0,0.0,0.0
gpt-5-mini,standard,synth,0.0,0.0,0.0,1399537,2749.4099140167,1484.6410751343,4234.050989151,0.0,0.0,0.0,0.0,0.0,0.0,0.0,0.0,0.0,0.0,0.0
gpt-5-mini,standard,synth,0.0,0.0,0.0,1399537,2879.674911499,1354.8200130463,4234.4949245453,0.0,0.0,0.0,0.0,0.0,0.0,0.0,0.0,0.0,0.0,0.0
gpt-5-mini,standard,synth,0.0,0.0,0.0,5387769,9504.8649311066,1374.9833106995,10879.848241806,0.0,0.0,0.0,0.0,0.0,0.0,0.0,0.0,0.0,0.0,0.0
gpt-5-mini,standard,synth,0.0,0.0,0.0,5387769,7636.6741657257,1146.4021205902,8783.0762863159,0.0,0.0,0.0,0.0,0.0,0.0,0.0,0.0,0.0,0.0,0.0
gpt-5-mini,standard,synth,0.0,0.0,0.0,9374195,12521.8849182129,1143.7077522278,13665.5926704407,0.0,0.0,0.0,0.0,0.0,0.0,0.0,0.0,0.0,0.0,0.0
gpt-5-mini,standard,synth,1.0,0.0,0.0,76803,7080.0020694733,1128.8256645203,8208.8277339935,0.0,0.0,0.0,0.0,0.0,0.0,0.0,0.0,1.0,22991.0,272.0
gpt-5-mini,standard,synth,0.0,0.0,0.0,76803,226901.3090133667,1139.3630504608,228040.6720638275,0.0,0.0,0.0,0.0,0.0,0.0,0.0,0.0,1.0,22969.0,12433.0
gpt-5-mini,standard,synth,1.0,0.0,0.0,78138,12663.5119915009,1385.498046875,14049.0100383759,0.0,0.0,0.0,0.0,0.0,0.0,0.0,0.0,1.0,23298.0,728.0
gpt-5-mini,standard,synth,0.0,0.0,0.0,78138,30655.8649539948,1722.2969532013,32378.161907196,0.0,0.0,0.0,0.0,0.0,0.0,0.0,0.0,1.0,23301.0,2128.0
gpt-5-mini,standard,synth,1.0,0.0,0.0,153459,6901.3111591339,1240.128993988,8141.4401531219,0.0,0.0,0.0,0.0,0.0,0.0,0.0,0.0,1.0,46063.0,279.0
gpt-5-mini,standard,synth,0.0,0.0,0.0,153459,8008.4478855133,1341.5648937225,9350.0127792358,0.0,0.0,0.0,0.0,0.0,0.0,0.0,0.0,1.0,46026.0,641.0
gpt-5-mini,standard,synth,0.0,0.0,0.0,1227147,2430.997133255,1839.5428657532,4270.5399990082,0.0,0.0,0.0,0.0,0.0,0.0,0.0,0.0,0.0,0.0,0.0
gpt-5-mini,standard,synth,0.0,0.0,0.0,1208389,2743.4151172638,1197.7429389954,3941.1580562592,0.0,0.0,0.0,0.0,0.0,0.0,0.0,0.0,0.0,0.0,0.0
gpt-5-mini,standard,synth,1.0,0.0,0.0,316769,10456.1421871185,1623.4209537506,12079.5631408691,0.0,0.0,0.0,0.0,0.0,0.0,0.0,0.0,1.0,94307.0,406.0
gpt-5-mini,standard,synth,1.0,0.0,0.0,316769,8126.7330646515,1633.7881088257,9760.5211734772,0.0,0.0,0.0,0.0,0.0,0.0,0.0,0.0,1.0,94306.0,406.0
gpt-5-mini,standard,synth,0.0,0.0,0.0,308367,78709.4960212708,2231.278181076,80940.7742023468,0.0,0.0,0.0,0.0,0.0,0.0,0.0,0.0,1.0,92424.0,5329.0
gpt-5-mini,standard,synth,0.0,0.0,0.0,618252,10582.9300880432,1647.3019123077,12230.232000351,0.0,0.0,0.0,0.0,0.0,0.0,0.0,0.0,1.0,185393.0,275.0
gpt-5-mini,standard,synth,0.0,0.0,0.0,618252,13507.4329376221,1599.1160869598,15106.5490245819,0.0,0.0,0.0,0.0,0.0,0.0,0.0,0.0,1.0,185407.0,278.0
gpt-5-mini,rlm_tips,synth,1.0,0.0,0.0,2232,96563.5547637939,1101.0687351227,97664.6234989166,0.0,0.0,0.0,0.0,0.0,0.0,0.0,0.0,5.0,8539.0,961.0
gpt-5-mini,rlm_tips,synth,1.0,0.0,0.0,2232,121592.3490524292,1262.6039981842,122854.9530506134,0.0,0.0,0.0,0.0,0.0,0.0,0.0,0.0,6.0,12323.0,2384.0
gpt-5-mini,rlm_tips,synth,1.0,0.0,0.0,4457,223322.0980167389,1134.8979473114,224456.9959640503,27.0,3369.0,9571.0,0.0,27.0,1.0,27.0,27.0,9.0,27782.0,1856.0
gpt-5-mini,rlm_tips,synth,1.0,0.0,0.0,4457,105498.7668991089,2014.750957489,107513.5178565979,0.0,0.0,0.0,0.0,0.0,0.0,0.0,0.0,6.0,12899.0,1007.0
gpt-5-mini,rlm_tips,synth,1.0,0.0,0.0,4969,96291.06092453,1646.989107132,97938.050031662,0.0,0.0,0.0,0.0,0.0,0.0,0.0,0.0,7.0,9057.0,663.0
gpt-5-mini,rlm_tips,synth,1.0,0.0,0.0,10115,99779.069185257,1422.9559898376,101202.0251750946,0.0,0.0,0.0,0.0,0.0,0.0,0.0,0.0,6.0,7901.0,703.0
gpt-5-mini,rlm_tips,synth,1.0,0.0,0.0,10115,130994.4982528687,1200.1390457153,132194.637298584,5.0,737.0,1174.0,0.0,5.0,1.0,5.0,5.0,10.0,61940.0,1846.0
gpt-5-mini,rlm_tips,synth,1.0,0.0,0.0,40164,97595.6130027771,1279.8261642456,98875.4391670227,0.0,0.0,0.0,0.0,0.0,0.0,0.0,0.0,7.0,9280.0,949.0
gpt-5-mini,rlm_tips,synth,1.0,0.0,0.0,40164,239300.2231121063,1529.3939113617,240829.617023468,57.0,7266.0,15792.0,0.0,57.0,1.0,57.0,57.0,10.0,73338.0,4673.0
gpt-5-mini,rlm_tips,synth,0.0,0.0,0.0,40164,361016.1972045898,1435.7738494873,362451.9710540771,57.0,7805.0,14099.0,0.0,57.0,1.0,57.0,57.0,13.0,142497.0,4530.0
gpt-5-mini,rlm_tips,synth,1.0,0.0,0.0,43811,94148.8976478577,2010.2429389954,96159.140586853,0.0,0.0,0.0,0.0,0.0,0.0,0.0,0.0,4.0,5246.0,769.0
gpt-5-mini,rlm_tips,synth,1.0,0.0,0.0,2300,115334.6481323242,1568.4788227081,116903.1269550323,0.0,0.0,0.0,0.0,0.0,0.0,0.0,0.0,5.0,8111.0,2289.0
gpt-5-mini,rlm_tips,synth,0.0,0.0,0.0,2300,103786.7088317871,1123.6748695374,104910.3837013245,0.0,0.0,0.0,0.0,0.0,0.0,0.0,0.0,4.0,5251.0,1476.0
gpt-5-mini,rlm_tips,synth,1.0,0.0,0.0,2300,90704.6051025391,1350.5620956421,92055.1671981812,0.0,0.0,0.0,0.0,0.0,0.0,0.0,0.0,4.0,5160.0,555.0
gpt-5-mini,rlm_tips,synth,0.0,0.0,0.0,2274,106647.0429897308,1467.9491519928,108114.9921417236,0.0,0.0,0.0,0.0,0.0,0.0,0.0,0.0,4.0,4957.0,1814.0
gpt-5-mini,rlm_tips,synth,1.0,0.0,0.0,4708,142615.8859729767,1365.6451702118,143981.5311431885,0.0,0.0,0.0,0.0,0.0,0.0,0.0,0.0,7.0,21419.0,3134.0
gpt-5-mini,rlm_tips,synth,0.0,0.0,0.0,9745,243532.8843593597,2264.4770145416,245797.3613739014,0.0,0.0,0.0,0.0,0.0,0.0,0.0,0.0,11.0,84233.0,5478.0
gpt-5-mini,rlm_tips,synth,0.0,0.0,0.0,9745,117102.0469665527,1362.380027771,118464.4269943237,0.0,0.0,0.0,0.0,0.0,0.0,0.0,0.0,9.0,47492.0,2048.0
gpt-5-mini,rlm_tips,synth,1.0,0.0,0.0,9745,121235.0080013275,1171.5879440308,122406.5959453583,0.0,0.0,0.0,0.0,0.0,0.0,0.0,0.0,8.0,34697.0,2394.0
gpt-5-mini,rlm_tips,synth,0.0,0.0,0.0,19142,844871.570110321,1131.8550109863,846003.4251213074,376.0,40952.0,92972.0,0.0,376.0,2.0,188.0,188.0,11.0,54294.0,1554.0
gpt-5-mini,rlm_tips,synth,1.0,0.0,0.0,18498,242740.5140399933,1592.257976532,244332.7720165253,0.0,0.0,0.0,0.0,0.0,0.0,0.0,0.0,12.0,66745.0,5338.0
gpt-5-mini,rlm_tips,synth,0.0,0.0,0.0,18498,840297.2278594971,1537.0151996613,841834.2430591583,188.0,22046.0,61469.0,0.0,188.0,1.0,188.0,188.0,8.0,23584.0,1964.0
gpt-5-mini,rlm_tips,synth,0.0,0.0,0.0,18498,750792.8450107574,2863.0609512329,753655.9059619904,376.0,55750.0,108705.0,0.0,376.0,2.0,188.0,188.0,8.0,31055.0,1460.0
gpt-5-mini,rlm_tips,synth,1.0,0.0,0.0,18498,106642.5302028656,1689.3212795258,108331.8514823914,0.0,0.0,0.0,0.0,0.0,0.0,0.0,0.0,7.0,25851.0,1310.0
gpt-5-mini,rlm_tips,synth,0.0,0.0,0.0,353283,151133.6231231689,1719.1600799561,152852.783203125,0.0,0.0,0.0,0.0,0.0,0.0,0.0,0.0,16.0,122516.0,3572.0
gpt-5-mini,rlm_tips,synth,1.0,0.0,0.0,353283,277092.0720100403,1761.1131668091,278853.1851768494,11.0,1548.0,4236.0,0.0,11.0,1.0,11.0,11.0,15.0,116656.0,4506.0
gpt-5-mini,rlm_tips,synth,0.0,0.0,0.0,353283,970136.207818985,1284.3136787415,971420.5214977264,522.0,66504.0,164382.0,0.0,522.0,3.0,174.0,174.0,13.0,83772.0,3575.0
gpt-5-mini,rlm_tips,synth,1.0,0.0,0.0,331050,483305.820941925,1514.778137207,484820.5990791321,25.0,3062.0,7170.0,0.0,25.0,1.0,25.0,25.0,22.0,179543.0,5709.0
gpt-5-mini,rlm_tips,synth,0.0,0.0,0.0,2689330,786025.0072479248,1366.7747974396,787391.7820453644,0.0,0.0,0.0,0.0,0.0,0.0,0.0,0.0,24.0,258440.0,11288.0
gpt-5-mini,rlm_tips,synth,1.0,0.0,0.0,662710,357757.1189403534,2139.7287845612,359896.8477249146,34.0,4408.0,10005.0,0.0,34.0,1.0,34.0,34.0,10.0,61255.0,4552.0
gpt-5-mini,rlm_tips,synth,0.0,0.0,0.0,1205292,1274700.8938789368,1891.7896747589,1276592.6835536957,450.0,58214.0,181267.0,0.0,450.0,1.0,450.0,450.0,20.0,212744.0,8436.0
gpt-5-mini,rlm_tips,synth,0.0,0.0,0.0,1399537,236530.8039188385,1134.110212326,237664.9141311646,0.0,0.0,0.0,0.0,0.0,0.0,0.0,0.0,11.0,47131.0,4567.0
gpt-5-mini,rlm_tips,synth,0.0,0.0,0.0,1399537,480727.1311283112,2692.8679943085,483419.9991226196,0.0,0.0,0.0,0.0,0.0,0.0,0.0,0.0,18.0,124638.0,6681.0
gpt-5-mini,rlm_tips,synth,1.0,0.0,0.0,1399537,246018.0249214172,1625.935792923,247643.9607143402,14.0,2209.0,2563.0,0.0,14.0,1.0,14.0,14.0,15.0,139496.0,4318.0
gpt-5-mini,rlm_tips,synth,0.0,0.0,0.0,5387769,1094223.9422798157,1274.7139930725,1095498.6562728882,623.0,79631.0,213401.0,0.0,623.0,2.0,573.0,311.5,13.0,83614.0,8016.0
gpt-5-mini,rlm_tips,synth,0.0,0.0,0.0,5387769,1216096.9347953796,1082.4670791626,1217179.4018745422,621.0,76451.0,172119.0,0.0,621.0,1.0,621.0,621.0,22.0,332880.0,9354.0
gpt-5-mini,rlm_tips,synth,0.0,0.0,0.0,9374195,1122591.2261009216,1557.6541423798,1124148.8802433014,638.0,76073.0,173429.0,0.0,638.0,1.0,638.0,638.0,17.0,113466.0,7539.0
gpt-5-mini,rlm_tips,synth,0.0,0.0,0.0,76803,757932.7306747437,1447.4918842316,759380.2225589752,504.0,66483.0,152730.0,0.0,504.0,6.0,100.0,84.0,5.0,12808.0,2708.0
gpt-5-mini,rlm_tips,synth,0.0,0.0,0.0,76803,728327.9831409454,2068.5477256775,730396.5308666229,578.0,78533.0,149455.0,0.0,578.0,1.0,578.0,578.0,4.0,5964.0,1276.0
gpt-5-mini,rlm_tips,synth,0.0,0.0,0.0,78138,128641.9217586517,1280.5461883545,129922.4679470062,0.0,0.0,0.0,0.0,0.0,0.0,0.0,0.0,7.0,17758.0,2062.0
gpt-5-mini,rlm_tips,synth,0.0,0.0,0.0,78138,106356.5051555634,2539.9260520935,108896.4312076569,0.0,0.0,0.0,0.0,0.0,0.0,0.0,0.0,6.0,12811.0,1525.0
gpt-5-mini,rlm_tips,synth,0.0,0.0,0.0,153459,878350.1091003418,2169.873714447,880519.9828147888,555.0,67696.0,183083.0,0.0,555.0,1.0,555.0,555.0,12.0,60931.0,3939.0
gpt-5-mini,rlm_tips,synth,0.0,0.0,0.0,153459,844782.7351093292,1038.9659404755,845821.7010498047,777.0,101734.0,166433.0,0.0,777.0,1.0,777.0,777.0,9.0,31650.0,2205.0
gpt-5-mini,rlm_tips,synth,1.0,0.0,0.0,1227147,96321.6288089752,1445.1756477356,97766.8044567108,0.0,0.0,0.0,0.0,0.0,0.0,0.0,0.0,5.0,6779.0,679.0
gpt-5-mini,rlm_tips,synth,1.0,0.0,0.0,1208389,99211.6239070892,1404.9737453461,100616.5976524353,0.0,0.0,0.0,0.0,0.0,0.0,0.0,0.0,6.0,17396.0,1069.0
gpt-5-mini,rlm_tips,synth,0.0,0.0,0.0,316769,755901.0388851166,1898.854970932,757799.8938560486,550.0,65893.0,160763.0,0.0,550.0,1.0,550.0,550.0,8.0,35697.0,1999.0
gpt-5-mini,rlm_tips,synth,0.0,0.0,0.0,316769,112378.2529830933,1422.0910072327,113800.3439903259,0.0,0.0,0.0,0.0,0.0,0.0,0.0,0.0,8.0,32674.0,1656.0
gpt-5-mini,rlm_tips,synth,0.0,0.0,0.0,308367,238240.4208183289,1839.6270275116,240080.0478458405,13.0,1702.0,3416.0,0.0,13.0,1.0,13.0,13.0,13.0,106508.0,4036.0
gpt-5-mini,rlm_tips,synth,0.0,0.0,0.0,618252,995310.3659152985,1695.93501091,997006.3009262085,16.0,95227.0,98880.0,0.0,16.0,1.0,16.0,16.0,19.0,141260.0,5312.0
gpt-5-mini,rlm_tips,synth,0.0,0.0,0.0,618252,122222.3780155182,1257.7929496765,123480.1709651947,0.0,0.0,0.0,0.0,0.0,0.0,0.0,0.0,10.0,26844.0,2345.0
gpt-5-mini,rlm,synth_with_labels,1.0,0.0,0.0,2378,106318.6450004578,1693.8910484314,108012.5360488892,0.0,0.0,0.0,0.0,0.0,0.0,0.0,0.0,7.0,16718.0,1184.0
gpt-5-mini,rlm,synth_with_labels,1.0,0.0,0.0,2378,107438.4899139404,1139.8901939392,108578.3801078796,0.0,0.0,0.0,0.0,0.0,0.0,0.0,0.0,7.0,16989.0,1290.0
gpt-5-mini,rlm,synth_with_labels,1.0,0.0,0.0,4847,101460.7729911804,1364.4232749939,102825.1962661743,0.0,0.0,0.0,0.0,0.0,0.0,0.0,0.0,5.0,14611.0,1052.0
gpt-5-mini,rlm,synth_with_labels,1.0,0.0,0.0,4847,96272.4578380585,1494.0769672394,97766.5348052979,0.0,0.0,0.0,0.0,0.0,0.0,0.0,0.0,7.0,21225.0,800.0
gpt-5-mini,rlm,synth_with_labels,1.0,0.0,0.0,5362,89783.4630012512,6290.3490066528,96073.8120079041,0.0,0.0,0.0,0.0,0.0,0.0,0.0,0.0,4.0,4987.0,691.0
gpt-5-mini,rlm,synth_with_labels,1.0,0.0,0.0,10996,96222.5632667542,1459.4268798828,97681.990146637,0.0,0.0,0.0,0.0,0.0,0.0,0.0,0.0,6.0,8270.0,710.0
gpt-5-mini,rlm,synth_with_labels,1.0,0.0,0.0,10996,99271.0270881653,1127.7067661285,100398.7338542938,0.0,0.0,0.0,0.0,0.0,0.0,0.0,0.0,8.0,40998.0,994.0
gpt-5-mini,rlm,synth_with_labels,1.0,0.0,0.0,44014,100142.1241760254,1262.0358467102,101404.1600227356,0.0,0.0,0.0,0.0,0.0,0.0,0.0,0.0,5.0,15938.0,1044.0
gpt-5-mini,rlm,synth_with_labels,1.0,0.0,0.0,44014,99683.8340759277,1418.5178279877,101102.3519039154,0.0,0.0,0.0,0.0,0.0,0.0,0.0,0.0,8.0,14245.0,970.0
gpt-5-mini,rlm,synth_with_labels,1.0,0.0,0.0,44014,112034.3270301819,1429.8079013824,113464.1349315643,0.0,0.0,0.0,0.0,0.0,0.0,0.0,0.0,7.0,15676.0,1793.0
gpt-5-mini,rlm,synth_with_labels,1.0,0.0,0.0,47706,98551.1720180511,3798.8059520721,102349.9779701233,0.0,0.0,0.0,0.0,0.0,0.0,0.0,0.0,6.0,8466.0,747.0
gpt-5-mini,rlm,synth_with_labels,1.0,0.0,0.0,2664,95318.5200691223,1608.9119911194,96927.4320602417,0.0,0.0,0.0,0.0,0.0,0.0,0.0,0.0,5.0,7147.0,756.0
gpt-5-mini,rlm,synth_with_labels,1.0,0.0,0.0,2664,99866.8057918549,1470.8731174469,101337.6789093018,0.0,0.0,0.0,0.0,0.0,0.0,0.0,0.0,5.0,7153.0,757.0
gpt-5-mini,rlm,synth_with_labels,1.0,0.0,0.0,2664,98429.2521476746,1398.0898857117,99827.3420333862,0.0,0.0,0.0,0.0,0.0,0.0,0.0,0.0,6.0,9136.0,1065.0
gpt-5-mini,rlm,synth_with_labels,1.0,0.0,0.0,2609,95090.9230709076,1125.1101493835,96216.0332202911,0.0,0.0,0.0,0.0,0.0,0.0,0.0,0.0,4.0,4831.0,630.0
gpt-5-mini,rlm,synth_with_labels,1.0,0.0,0.0,5711,99859.2598438263,1623.3570575714,101482.6169013977,0.0,0.0,0.0,0.0,0.0,0.0,0.0,0.0,6.0,8142.0,808.0
gpt-5-mini,rlm,synth_with_labels,1.0,0.0,0.0,11967,93554.2850494385,1239.5191192627,94793.8041687012,0.0,0.0,0.0,0.0,0.0,0.0,0.0,0.0,5.0,10086.0,703.0
gpt-5-mini,rlm,synth_with_labels,1.0,0.0,0.0,11967,95484.7550392151,2088.888168335,97573.64320755,0.0,0.0,0.0,0.0,0.0,0.0,0.0,0.0,5.0,10755.0,789.0
gpt-5-mini,rlm,synth_with_labels,1.0,0.0,0.0,11967,91495.255947113,1496.4091777802,92991.6651248932,0.0,0.0,0.0,0.0,0.0,0.0,0.0,0.0,6.0,10041.0,595.0
gpt-5-mini,rlm,synth_with_labels,1.0,0.0,0.0,23554,106745.3181743622,1390.2468681335,108135.5650424957,0.0,0.0,0.0,0.0,0.0,0.0,0.0,0.0,8.0,18654.0,1126.0
gpt-5-mini,rlm,synth_with_labels,1.0,0.0,0.0,22741,94334.9978923798,1469.0837860107,95804.0816783905,0.0,0.0,0.0,0.0,0.0,0.0,0.0,0.0,6.0,16196.0,691.0
gpt-5-mini,rlm,synth_with_labels,1.0,0.0,0.0,22741,94645.5419063568,1932.6450824738,96578.1869888306,0.0,0.0,0.0,0.0,0.0,0.0,0.0,0.0,5.0,8100.0,635.0
gpt-5-mini,rlm,synth_with_labels,1.0,0.0,0.0,22741,95194.8442459106,1325.1371383667,96519.9813842773,0.0,0.0,0.0,0.0,0.0,0.0,0.0,0.0,6.0,10545.0,630.0
gpt-5-mini,rlm,synth_with_labels,1.0,0.0,0.0,22741,101033.6413383484,1761.6879940033,102795.3293323517,0.0,0.0,0.0,0.0,0.0,0.0,0.0,0.0,6.0,16404.0,1200.0
gpt-5-mini,rlm,synth_with_labels,1.0,0.0,0.0,385091,93447.0851421356,1503.4530162811,94950.5381584167,0.0,0.0,0.0,0.0,0.0,0.0,0.0,0.0,4.0,3655.0,478.0
gpt-5-mini,rlm,synth_with_labels,1.0,0.0,0.0,385091,97841.3324356079,1654.6068191528,99495.9392547607,0.0,0.0,0.0,0.0,0.0,0.0,0.0,0.0,6.0,11264.0,937.0
gpt-5-mini,rlm,synth_with_labels,1.0,0.0,0.0,385091,102600.1801490784,1323.3909606934,103923.5711097717,0.0,0.0,0.0,0.0,0.0,0.0,0.0,0.0,5.0,17017.0,1347.0
gpt-5-mini,rlm,synth_with_labels,1.0,0.0,0.0,362537,92567.5768852234,1260.0209712982,93827.5978565216,0.0,0.0,0.0,0.0,0.0,0.0,0.0,0.0,4.0,3866.0,752.0
gpt-5-mini,rlm,synth_with_labels,1.0,0.0,0.0,2942727,101020.4989910126,1346.5588092804,102367.057800293,0.0,0.0,0.0,0.0,0.0,0.0,0.0,0.0,6.0,9188.0,925.0
gpt-5-mini,rlm,synth_with_labels,1.0,0.0,0.0,725822,93280.3709506989,1151.3831615448,94431.7541122437,0.0,0.0,0.0,0.0,0.0,0.0,0.0,0.0,5.0,7989.0,626.0
gpt-5-mini,rlm,synth_with_labels,1.0,0.0,0.0,1329865,102517.1589851379,1331.0158252716,103848.1748104095,0.0,0.0,0.0,0.0,0.0,0.0,0.0,0.0,7.0,19493.0,1032.0
gpt-5-mini,rlm,synth_with_labels,1.0,0.0,0.0,1526991,93556.4801692963,1427.540063858,94984.0202331543,0.0,0.0,0.0,0.0,0.0,0.0,0.0,0.0,4.0,5028.0,802.0
gpt-5-mini,rlm,synth_with_labels,1.0,0.0,0.0,1526991,92988.6639118195,1122.740983963,94111.4048957825,0.0,0.0,0.0,0.0,0.0,0.0,0.0,0.0,4.0,3765.0,574.0
gpt-5-mini,rlm,synth_with_labels,1.0,0.0,0.0,1526991,95837.2328281403,1181.0009479523,97018.2337760925,0.0,0.0,0.0,0.0,0.0,0.0,0.0,0.0,6.0,9692.0,716.0
gpt-5-mini,rlm,synth_with_labels,1.0,0.0,0.0,5894808,107716.1662578583,3102.4050712585,110818.5713291168,0.0,0.0,0.0,0.0,0.0,0.0,0.0,0.0,6.0,10192.0,1213.0
gpt-5-mini,rlm,synth_with_labels,1.0,0.0,0.0,5894808,107464.6677970886,1584.7539901733,109049.421787262,0.0,0.0,0.0,0.0,0.0,0.0,0.0,0.0,7.0,21446.0,1102.0
gpt-5-mini,rlm,synth_with_labels,1.0,0.0,0.0,10367542,103440.761089325,1129.077911377,104569.8390007019,0.0,0.0,0.0,0.0,0.0,0.0,0.0,0.0,4.0,6004.0,1124.0
gpt-5-mini,rlm,synth_with_labels,1.0,0.0,0.0,96689,96437.1058940887,1316.4858818054,97753.5917758942,0.0,0.0,0.0,0.0,0.0,0.0,0.0,0.0,5.0,8002.0,754.0
gpt-5-mini,rlm,synth_with_labels,1.0,0.0,0.0,96689,91593.8210487366,1447.6668834686,93041.4879322052,0.0,0.0,0.0,0.0,0.0,0.0,0.0,0.0,5.0,6291.0,478.0
gpt-5-mini,rlm,synth_with_labels,1.0,0.0,0.0,97254,97559.1368675232,1593.269109726,99152.4059772491,0.0,0.0,0.0,0.0,0.0,0.0,0.0,0.0,6.0,8863.0,864.0
gpt-5-mini,rlm,synth_with_labels,0.0,0.0,0.0,97254,101355.7648658752,1828.5639286041,103184.3287944794,0.0,0.0,0.0,0.0,0.0,0.0,0.0,0.0,5.0,7725.0,1369.0
gpt-5-mini,rlm,synth_with_labels,1.0,0.0,0.0,194003,94308.000087738,1816.793680191,96124.7937679291,0.0,0.0,0.0,0.0,0.0,0.0,0.0,0.0,6.0,16761.0,761.0
gpt-5-mini,rlm,synth_with_labels,1.0,0.0,0.0,194003,99096.9181060791,1516.1006450653,100613.0187511444,0.0,0.0,0.0,0.0,0.0,0.0,0.0,0.0,5.0,13905.0,914.0
gpt-5-mini,rlm,synth_with_labels,1.0,0.0,0.0,1516142,92416.5468215942,1530.9040546417,93947.450876236,0.0,0.0,0.0,0.0,0.0,0.0,0.0,0.0,4.0,4514.0,786.0
gpt-5-mini,rlm,synth_with_labels,1.0,0.0,0.0,1546955,97658.6537361145,1224.2329120636,98882.8866481781,0.0,0.0,0.0,0.0,0.0,0.0,0.0,0.0,5.0,6429.0,661.0
gpt-5-mini,rlm,synth_with_labels,1.0,0.0,0.0,391621,96467.8120613098,1536.4551544189,98004.2672157288,0.0,0.0,0.0,0.0,0.0,0.0,0.0,0.0,6.0,9257.0,877.0
gpt-5-mini,rlm,synth_with_labels,1.0,0.0,0.0,391621,93484.8618507385,1494.3840503693,94979.2459011078,0.0,0.0,0.0,0.0,0.0,0.0,0.0,0.0,5.0,8365.0,751.0
gpt-5-mini,rlm,synth_with_labels,1.0,0.0,0.0,387537,106270.5709934235,2395.3759670258,108665.9469604492,0.0,0.0,0.0,0.0,0.0,0.0,0.0,0.0,8.0,16108.0,1144.0
gpt-5-mini,rlm,synth_with_labels,1.0,0.0,0.0,784232,93933.4897994995,1174.1709709167,95107.6607704163,0.0,0.0,0.0,0.0,0.0,0.0,0.0,0.0,5.0,6389.0,632.0
gpt-5-mini,rlm,synth_with_labels,1.0,0.0,0.0,784232,124480.6752204895,1555.9148788452,126036.5900993347,0.0,0.0,0.0,0.0,0.0,0.0,0.0,0.0,5.0,10880.0,1183.0
gpt-5-mini,standard,synth_with_labels,1.0,0.0,0.0,2378,3280.0750732422,1587.5089168549,4867.583990097,0.0,0.0,0.0,0.0,0.0,0.0,0.0,0.0,1.0,762.0,145.0
gpt-5-mini,standard,synth_with_labels,1.0,0.0,0.0,2378,10914.4887924194,1317.3739910126,12231.862783432,0.0,0.0,0.0,0.0,0.0,0.0,0.0,0.0,1.0,778.0,657.0
gpt-5-mini,standard,synth_with_labels,1.0,0.0,0.0,4847,28980.1149368286,1228.1138896942,30208.2288265228,0.0,0.0,0.0,0.0,0.0,0.0,0.0,0.0,1.0,1549.0,1682.0
gpt-5-mini,standard,synth_with_labels,1.0,0.0,0.0,4847,12096.8341827393,1420.2568531036,13517.0910358429,0.0,0.0,0.0,0.0,0.0,0.0,0.0,0.0,1.0,1595.0,661.0
gpt-5-mini,standard,synth_with_labels,1.0,0.0,0.0,5362,9797.7299690247,1476.6149520874,11274.3449211121,0.0,0.0,0.0,0.0,0.0,0.0,0.0,0.0,1.0,1704.0,530.0
gpt-5-mini,standard,synth_with_labels,1.0,0.0,0.0,10996,25773.4742164612,1595.5979824066,27369.0721988678,0.0,0.0,0.0,0.0,0.0,0.0,0.0,0.0,1.0,3488.0,1554.0
gpt-5-mini,standard,synth_with_labels,1.0,0.0,0.0,10996,18943.3920383453,1435.5778694153,20378.9699077606,0.0,0.0,0.0,0.0,0.0,0.0,0.0,0.0,1.0,3511.0,1168.0
gpt-5-mini,standard,synth_with_labels,0.0,0.0,0.0,44014,206402.3261070251,1344.1288471222,207746.4549541473,0.0,0.0,0.0,0.0,0.0,0.0,0.0,0.0,1.0,14220.0,10257.0
gpt-5-mini,standard,synth_with_labels,1.0,0.0,0.0,44014,148647.5200653076,2216.6080474854,150864.128112793,0.0,0.0,0.0,0.0,0.0,0.0,0.0,0.0,1.0,14276.0,8149.0
gpt-5-mini,standard,synth_with_labels,0.0,0.0,0.0,44014,155390.1093006134,954.4568061829,156344.5661067963,0.0,0.0,0.0,0.0,0.0,0.0,0.0,0.0,1.0,14242.0,11025.0
gpt-5-mini,standard,synth_with_labels,1.0,0.0,0.0,47706,84175.9300231934,1842.2472476959,86018.1772708893,0.0,0.0,0.0,0.0,0.0,0.0,0.0,0.0,1.0,15094.0,5842.0
gpt-5-mini,standard,synth_with_labels,1.0,0.0,0.0,2664,5630.8131217957,1385.8249187469,7016.6380405426,0.0,0.0,0.0,0.0,0.0,0.0,0.0,0.0,1.0,784.0,344.0
gpt-5-mini,standard,synth_with_labels,1.0,0.0,0.0,2664,4357.4590682983,1776.1058807373,6133.5649490356,0.0,0.0,0.0,0.0,0.0,0.0,0.0,0.0,1.0,785.0,217.0
gpt-5-mini,standard,synth_with_labels,1.0,0.0,0.0,2664,4200.0391483307,1986.3448143005,6186.3839626312,0.0,0.0,0.0,0.0,0.0,0.0,0.0,0.0,1.0,776.0,211.0
gpt-5-mini,standard,synth_with_labels,1.0,0.0,0.0,2609,7472.8050231934,1241.1110401154,8713.9160633087,0.0,0.0,0.0,0.0,0.0,0.0,0.0,0.0,1.0,720.0,465.0
gpt-5-mini,standard,synth_with_labels,1.0,0.0,0.0,5711,26635.0231170654,1421.8752384186,28056.898355484,0.0,0.0,0.0,0.0,0.0,0.0,0.0,0.0,1.0,1626.0,1753.0
gpt-5-mini,standard,synth_with_labels,1.0,0.0,0.0,11967,34931.657075882,1420.6590652466,36352.3161411285,0.0,0.0,0.0,0.0,0.0,0.0,0.0,0.0,1.0,3416.0,1686.0
gpt-5-mini,standard,synth_with_labels,1.0,0.0,0.0,11967,21339.8280143738,1325.9460926056,22665.7741069794,0.0,0.0,0.0,0.0,0.0,0.0,0.0,0.0,1.0,3420.0,1368.0
gpt-5-mini,standard,synth_with_labels,1.0,0.0,0.0,11967,37186.740398407,1418.1439876556,38604.8843860626,0.0,0.0,0.0,0.0,0.0,0.0,0.0,0.0,1.0,3422.0,2393.0
gpt-5-mini,standard,synth_with_labels,1.0,0.0,0.0,23554,107884.575843811,1729.5579910278,109614.1338348389,0.0,0.0,0.0,0.0,0.0,0.0,0.0,0.0,1.0,6748.0,5650.0
gpt-5-mini,standard,synth_with_labels,1.0,0.0,0.0,22741,63357.5060367584,1803.6270141602,65161.1330509186,0.0,0.0,0.0,0.0,0.0,0.0,0.0,0.0,1.0,6592.0,3152.0
gpt-5-mini,standard,synth_with_labels,1.0,0.0,0.0,22741,53339.5657539368,1550.5368709564,54890.1026248932,0.0,0.0,0.0,0.0,0.0,0.0,0.0,0.0,1.0,6608.0,3991.0
gpt-5-mini,standard,synth_with_labels,1.0,0.0,0.0,22741,114523.1411457062,1504.0879249573,116027.2290706635,0.0,0.0,0.0,0.0,0.0,0.0,0.0,0.0,1.0,6606.0,6102.0
gpt-5-mini,standard,synth_with_labels,1.0,0.0,0.0,22741,61950.432062149,1334.4829082489,63284.9149703979,0.0,0.0,0.0,0.0,0.0,0.0,0.0,0.0,1.0,6607.0,3862.0
gpt-5-mini,standard,synth_with_labels,1.0,0.0,0.0,385091,11978.2617092133,1229.4988632202,13207.7605724335,0.0,0.0,0.0,0.0,0.0,0.0,0.0,0.0,1.0,122964.0,400.0
gpt-5-mini,standard,synth_with_labels,1.0,0.0,0.0,385091,63691.4808750153,1440.0992393494,65131.5801143646,0.0,0.0,0.0,0.0,0.0,0.0,0.0,0.0,1.0,123012.0,3797.0
gpt-5-mini,standard,synth_with_labels,1.0,0.0,0.0,385091,34346.3449478149,1291.8479442596,35638.1928920746,0.0,0.0,0.0,0.0,0.0,0.0,0.0,0.0,1.0,122985.0,2384.0
gpt-5-mini,standard,synth_with_labels,1.0,0.0,0.0,362537,52820.023059845,1325.7527351379,54145.7757949829,0.0,0.0,0.0,0.0,0.0,0.0,0.0,0.0,1.0,115536.0,4242.0
gpt-5-mini,standard,synth_with_labels,0.0,0.0,0.0,2942727,4717.5920009613,1380.2790641785,6097.8710651398,0.0,0.0,0.0,0.0,0.0,0.0,0.0,0.0,0.0,0.0,0.0
gpt-5-mini,standard,synth_with_labels,1.0,0.0,0.0,725822,78234.815120697,1331.502199173,79566.31731987,0.0,0.0,0.0,0.0,0.0,0.0,0.0,0.0,1.0,231377.0,3986.0
gpt-5-mini,standard,synth_with_labels,0.0,0.0,0.0,1329865,2900.6640911102,1674.9880313873,4575.6521224976,0.0,0.0,0.0,0.0,0.0,0.0,0.0,0.0,0.0,0.0,0.0
gpt-5-mini,standard,synth_with_labels,0.0,0.0,0.0,1526991,3120.0478076935,1682.9218864441,4802.9696941376,0.0,0.0,0.0,0.0,0.0,0.0,0.0,0.0,0.0,0.0,0.0
gpt-5-mini,standard,synth_with_labels,0.0,0.0,0.0,1526991,3344.0129756927,1522.4061012268,4866.4190769196,0.0,0.0,0.0,0.0,0.0,0.0,0.0,0.0,0.0,0.0,0.0
gpt-5-mini,standard,synth_with_labels,0.0,0.0,0.0,1526991,2812.2229576111,1577.7947902679,4390.017747879,0.0,0.0,0.0,0.0,0.0,0.0,0.0,0.0,0.0,0.0,0.0
gpt-5-mini,standard,synth_with_labels,0.0,0.0,0.0,5894808,9523.2231616974,1331.3901424408,10854.6133041382,0.0,0.0,0.0,0.0,0.0,0.0,0.0,0.0,0.0,0.0,0.0
gpt-5-mini,standard,synth_with_labels,0.0,0.0,0.0,5894808,9879.2719841003,1093.0571556091,10972.3291397095,0.0,0.0,0.0,0.0,0.0,0.0,0.0,0.0,0.0,0.0,0.0
gpt-5-mini,standard,synth_with_labels,0.0,0.0,0.0,10367542,15868.369102478,2154.0942192078,18022.4633216858,0.0,0.0,0.0,0.0,0.0,0.0,0.0,0.0,0.0,0.0,0.0
gpt-5-mini,standard,synth_with_labels,1.0,0.0,0.0,96689,150689.14103508,3024.3768692017,153713.5179042816,0.0,0.0,0.0,0.0,0.0,0.0,0.0,0.0,1.0,27605.0,8592.0
gpt-5-mini,standard,synth_with_labels,0.0,0.0,0.0,96689,180116.425037384,1313.4651184082,181429.8901557922,0.0,0.0,0.0,0.0,0.0,0.0,0.0,0.0,1.0,27583.0,10190.0
gpt-5-mini,standard,synth_with_labels,1.0,0.0,0.0,97254,304236.8109226227,1281.8050384521,305518.6159610748,0.0,0.0,0.0,0.0,0.0,0.0,0.0,0.0,1.0,27865.0,16792.0
gpt-5-mini,standard,synth_with_labels,0.0,0.0,0.0,97254,29488.7790679932,2990.5951023102,32479.3741703033,0.0,0.0,0.0,0.0,0.0,0.0,0.0,0.0,1.0,27868.0,1680.0
gpt-5-mini,standard,synth_with_labels,1.0,0.0,0.0,194003,5821.328163147,1271.048784256,7092.376947403,0.0,0.0,0.0,0.0,0.0,0.0,0.0,0.0,1.0,55467.0,215.0
gpt-5-mini,standard,synth_with_labels,0.0,0.0,0.0,194003,3771751.930952072,2243.4959411621,3773995.4268932343,0.0,0.0,0.0,0.0,0.0,0.0,0.0,0.0,1.0,55430.0,13753.0
gpt-5-mini,standard,synth_with_labels,0.0,0.0,0.0,1516142,2747.0180988312,2262.1848583221,5009.2029571533,0.0,0.0,0.0,0.0,0.0,0.0,0.0,0.0,0.0,0.0,0.0
gpt-5-mini,standard,synth_with_labels,0.0,0.0,0.0,1546955,3206.6540718079,1515.4609680176,4722.1150398254,0.0,0.0,0.0,0.0,0.0,0.0,0.0,0.0,0.0,0.0,0.0
gpt-5-mini,standard,synth_with_labels,1.0,0.0,0.0,391621,11215.812921524,1407.1269035339,12622.939825058,0.0,0.0,0.0,0.0,0.0,0.0,0.0,0.0,1.0,112676.0,278.0
gpt-5-mini,standard,synth_with_labels,1.0,0.0,0.0,391621,18097.090959549,1149.346113205,19246.4370727539,0.0,0.0,0.0,0.0,0.0,0.0,0.0,0.0,1.0,112675.0,278.0
gpt-5-mini,standard,synth_with_labels,0.0,0.0,0.0,387537,32973.0648994446,1587.0790481567,34560.1439476013,0.0,0.0,0.0,0.0,0.0,0.0,0.0,0.0,1.0,111001.0,2769.0
gpt-5-mini,standard,synth_with_labels,1.0,0.0,0.0,784232,18438.2410049438,1432.6777458191,19870.9187507629,0.0,0.0,0.0,0.0,0.0,0.0,0.0,0.0,1.0,223858.0,144.0
gpt-5-mini,standard,synth_with_labels,1.0,0.0,0.0,784232,22027.5509357452,1334.419965744,23361.9709014893,0.0,0.0,0.0,0.0,0.0,0.0,0.0,0.0,1.0,223872.0,406.0
gpt-5-mini,standard,real,0.0,0.0,0.0,412864,20280.9340953827,1857.1932315826,22138.1273269653,0.0,0.0,0.0,0.0,0.0,0.0,0.0,0.0,1.0,105498.0,1040.0
gpt-5-mini,standard,real,0.0,0.0,0.0,361858,122062.7682209015,1424.5550632477,123487.3232841492,0.0,0.0,0.0,0.0,0.0,0.0,0.0,0.0,1.0,92338.0,6862.0
gpt-5-mini,standard,real,0.0,0.0,0.0,372007,60207.9870700836,1393.8212394714,61601.8083095551,0.0,0.0,0.0,0.0,0.0,0.0,0.0,0.0,1.0,94038.0,3871.0
gpt-5-mini,standard,real,0.0,0.0,0.0,372007,19120.5041408539,824.7520923615,19945.2562332153,0.0,0.0,0.0,0.0,0.0,0.0,0.0,0.0,1.0,94020.0,718.0
gpt-5-mini,standard,real,0.0,0.0,0.0,372709,39609.3411445618,1190.3901100159,40799.7312545776,0.0,0.0,0.0,0.0,0.0,0.0,0.0,0.0,1.0,93819.0,2190.0
gpt-5-mini,standard,real,0.0,0.0,0.0,337780,7480.4689884186,952.8939723969,8433.3629608154,0.0,0.0,0.0,0.0,0.0,0.0,0.0,0.0,1.0,85118.0,334.0
gpt-5-mini,standard,real,0.0,0.0,0.0,380913,154820.784330368,10110.2290153503,164931.0133457184,0.0,0.0,0.0,0.0,0.0,0.0,0.0,0.0,1.0,97137.0,10005.0
gpt-5-mini,standard,real,0.0,0.0,0.0,556759,78265.527009964,1248.1496334076,79513.6766433716,0.0,0.0,0.0,0.0,0.0,0.0,0.0,0.0,1.0,140794.0,5776.0
gpt-5-mini,standard,real,0.0,0.0,0.0,556759,97753.8409233093,1484.8530292511,99238.6939525604,0.0,0.0,0.0,0.0,0.0,0.0,0.0,0.0,1.0,140795.0,6926.0
gpt-5-mini,standard,real,0.0,0.0,0.0,558302,18628.6013126373,1800.9552955627,20429.5566082001,0.0,0.0,0.0,0.0,0.0,0.0,0.0,0.0,1.0,143379.0,974.0
gpt-5-mini,standard,real,0.0,0.0,0.0,535994,48797.1930503845,1211.6270065308,50008.8200569153,0.0,0.0,0.0,0.0,0.0,0.0,0.0,0.0,1.0,135690.0,3534.0
gpt-5-mini,standard,real,0.0,0.0,0.0,725434,45726.9999980927,1658.1120491028,47385.1120471954,0.0,0.0,0.0,0.0,0.0,0.0,0.0,0.0,1.0,183642.0,3342.0
gpt-5-mini,standard,real,0.0,0.0,0.0,731418,40765.6998634338,1252.6118755341,42018.3117389679,0.0,0.0,0.0,0.0,0.0,0.0,0.0,0.0,1.0,185205.0,2254.0
gpt-5-mini,standard,real,0.0,0.0,0.0,717548,18016.028881073,1263.8919353485,19279.9208164215,0.0,0.0,0.0,0.0,0.0,0.0,0.0,0.0,1.0,181969.0,786.0
gpt-5-mini,standard,real,0.0,0.0,0.0,827225,51033.0898761749,1126.0840892792,52159.1739654541,0.0,0.0,0.0,0.0,0.0,0.0,0.0,0.0,1.0,211861.0,2460.0
gpt-5-mini,standard,real,0.0,0.0,0.0,700088,46802.392244339,1195.286989212,47997.679233551,0.0,0.0,0.0,0.0,0.0,0.0,0.0,0.0,1.0,175693.0,2702.0
gpt-5-mini,standard,real,1.0,1.0,1.0,700088,27428.4081459045,1421.6248989105,28850.0330448151,0.0,0.0,0.0,0.0,0.0,0.0,0.0,0.0,1.0,175682.0,1231.0
gpt-5-mini,standard,real,0.0,0.0,0.0,926010,50109.7600460052,1594.141960144,51703.9020061493,0.0,0.0,0.0,0.0,0.0,0.0,0.0,0.0,1.0,234341.0,2008.0
gpt-5-mini,standard,real,0.0,0.0,0.0,926010,36900.7532596588,1274.0390300751,38174.7922897339,0.0,0.0,0.0,0.0,0.0,0.0,0.0,0.0,1.0,234341.0,910.0
gpt-5-mini,standard,real,0.0,0.0,0.0,922092,53733.8922023773,2041.0287380219,55774.9209403992,0.0,0.0,0.0,0.0,0.0,0.0,0.0,0.0,1.0,234357.0,2789.0
gpt-5-mini,standard,real,0.0,0.0,0.0,903334,42585.8960151672,1039.1900539398,43625.0860691071,0.0,0.0,0.0,0.0,0.0,0.0,0.0,0.0,1.0,230026.0,1935.0
gpt-5-mini,standard,real,0.0,0.0,0.0,983910,16546.8809604645,2580.9650421143,19127.8460025787,0.0,0.0,0.0,0.0,0.0,0.0,0.0,0.0,1.0,251485.0,416.0
gpt-5-mini,standard,real,0.0,0.0,0.0,983910,42666.8322086334,1926.1860847473,44593.0182933807,0.0,0.0,0.0,0.0,0.0,0.0,0.0,0.0,1.0,251488.0,2192.0
gpt-5-mini,standard,real,0.0,0.0,0.0,1076257,3013.4267807007,1359.8890304565,4373.3158111572,0.0,0.0,0.0,0.0,0.0,0.0,0.0,0.0,0.0,0.0,0.0
gpt-5-mini,standard,real,0.0,0.0,0.0,1157727,3793.1740283966,1136.5611553192,4929.7351837158,0.0,0.0,0.0,0.0,0.0,0.0,0.0,0.0,0.0,0.0,0.0
gpt-5-mini,standard,real,0.0,0.0,0.0,1157727,4279.3719768524,1306.743144989,5586.1151218414,0.0,0.0,0.0,0.0,0.0,0.0,0.0,0.0,0.0,0.0,0.0
gpt-5-mini,standard,real,0.0,0.0,0.0,1126603,4433.5370063782,1055.6991100311,5489.2361164093,0.0,0.0,0.0,0.0,0.0,0.0,0.0,0.0,0.0,0.0,0.0
gpt-5-mini,standard,real,0.0,0.0,0.0,1283346,4191.1890506744,1056.6599369049,5247.8489875793,0.0,0.0,0.0,0.0,0.0,0.0,0.0,0.0,0.0,0.0,0.0
gpt-5-mini,standard,real,0.0,0.0,0.0,1363494,4296.1637973785,1200.6411552429,5496.8049526215,0.0,0.0,0.0,0.0,0.0,0.0,0.0,0.0,0.0,0.0,0.0
gpt-5-mini,standard,real,0.0,0.0,0.0,1356679,3938.6286735535,1147.9289531708,5086.5576267242,0.0,0.0,0.0,0.0,0.0,0.0,0.0,0.0,0.0,0.0,0.0
gpt-5-mini,standard,real,0.0,0.0,0.0,1318503,4258.7540149689,1381.8171024323,5640.5711174011,0.0,0.0,0.0,0.0,0.0,0.0,0.0,0.0,0.0,0.0,0.0
gpt-5-mini,standard,real,0.0,0.0,0.0,1486244,4094.4821834564,1265.1300430298,5359.6122264862,0.0,0.0,0.0,0.0,0.0,0.0,0.0,0.0,0.0,0.0,0.0
gpt-5-mini,standard,real,0.0,0.0,0.0,1557395,4647.8242874146,1190.8700466156,5838.6943340302,0.0,0.0,0.0,0.0,0.0,0.0,0.0,0.0,0.0,0.0,0.0
gpt-5-mini,standard,real,0.0,0.0,0.0,1557395,4722.886800766,953.2098770142,5676.0966777802,0.0,0.0,0.0,0.0,0.0,0.0,0.0,0.0,0.0,0.0,0.0
gpt-5-mini,standard,real,0.0,0.0,0.0,1636563,4780.8849811554,1205.7087421417,5986.5937232971,0.0,0.0,0.0,0.0,0.0,0.0,0.0,0.0,0.0,0.0,0.0
gpt-5-mini,standard,real,0.0,0.0,0.0,1518752,4198.7340450287,1294.9039936066,5493.6380386353,0.0,0.0,0.0,0.0,0.0,0.0,0.0,0.0,0.0,0.0,0.0
gpt-5-mini,standard,real,0.0,0.0,0.0,1584486,4722.7580547333,1600.2831459045,6323.0412006378,0.0,0.0,0.0,0.0,0.0,0.0,0.0,0.0,0.0,0.0,0.0
gpt-5-mini,standard,real,0.0,0.0,0.0,1569922,4294.6057319641,1305.4971694946,5600.1029014587,0.0,0.0,0.0,0.0,0.0,0.0,0.0,0.0,0.0,0.0,0.0
gpt-5-mini,standard,real,0.0,0.0,0.0,1870476,4595.2279567719,1375.598192215,5970.8261489868,0.0,0.0,0.0,0.0,0.0,0.0,0.0,0.0,0.0,0.0,0.0
gpt-5-mini,standard,real,0.0,0.0,0.0,2955959,7117.0198917389,1082.7479362488,8199.7678279877,0.0,0.0,0.0,0.0,0.0,0.0,0.0,0.0,0.0,0.0,0.0
gpt-5-mini,standard,real,0.0,0.0,0.0,2991214,6496.2689876556,1379.8398971558,7876.1088848114,0.0,0.0,0.0,0.0,0.0,0.0,0.0,0.0,0.0,0.0,0.0
gpt-5-mini,standard,real,0.0,0.0,0.0,3151633,7241.1952018738,3269.9437141418,10511.1389160156,0.0,0.0,0.0,0.0,0.0,0.0,0.0,0.0,0.0,0.0,0.0
gpt-5-mini,standard,real,0.0,0.0,0.0,3151633,7341.2430286407,1533.8110923767,8875.0541210175,0.0,0.0,0.0,0.0,0.0,0.0,0.0,0.0,0.0,0.0,0.0
gpt-5-mini,standard,real,0.0,0.0,0.0,3133311,7521.2430953979,1138.1728649139,8659.4159603119,0.0,0.0,0.0,0.0,0.0,0.0,0.0,0.0,0.0,0.0,0.0
gpt-5-mini,standard,real,0.0,0.0,0.0,3063225,6497.946023941,900.0692367554,7398.0152606964,0.0,0.0,0.0,0.0,0.0,0.0,0.0,0.0,0.0,0.0,0.0
gpt-5-mini,standard,real,0.0,0.0,0.0,2922296,6933.9289665222,1265.634059906,8199.5630264282,0.0,0.0,0.0,0.0,0.0,0.0,0.0,0.0,0.0,0.0,0.0
gpt-5-mini,standard,real,0.0,0.0,0.0,4467164,9188.1511211395,1246.7579841614,10434.9091053009,0.0,0.0,0.0,0.0,0.0,0.0,0.0,0.0,0.0,0.0,0.0
gpt-5-mini,standard,real,0.0,0.0,0.0,4412367,9214.3919467926,1246.9120025635,10461.3039493561,0.0,0.0,0.0,0.0,0.0,0.0,0.0,0.0,0.0,0.0,0.0
gpt-5-mini,standard,real,0.0,0.0,0.0,4412367,8534.5618724823,1034.2860221863,9568.8478946686,0.0,0.0,0.0,0.0,0.0,0.0,0.0,0.0,0.0,0.0,0.0
gpt-5-mini,standard,real,0.0,0.0,0.0,4670062,9746.3219165802,1851.8347740173,11598.1566905975,0.0,0.0,0.0,0.0,0.0,0.0,0.0,0.0,0.0,0.0,0.0
