model,mode,content_type,target_length,mean_fragment_length,reward_mean,reward_std,reward_count,exact_match_mean,exact_match_std,exact_match_count,char_accuracy_mean,char_accuracy_std,char_accuracy_count,levenshtein_similarity_mean,levenshtein_similarity_std,levenshtein_similarity_count,generation_ms_mean,generation_ms_std,generation_ms_count,scoring_ms_mean,scoring_ms_std,scoring_ms_count,total_ms_mean,total_ms_std,total_ms_count,sub_llm_call_count_mean,sub_llm_call_count_std,sub_llm_call_count_count,sub_llm_prompt_tokens_mean,sub_llm_prompt_tokens_std,sub_llm_prompt_tokens_count,sub_llm_completion_tokens_mean,sub_llm_completion_tokens_std,sub_llm_completion_tokens_count,sub_llm_total_tool_calls_mean,sub_llm_total_tool_calls_std,sub_llm_total_tool_calls_count,sub_llm_total_turns_mean,sub_llm_total_turns_std,sub_llm_total_turns_count,sub_llm_batch_count_mean,sub_llm_batch_count_std,sub_llm_batch_count_count,sub_llm_max_batch_size_mean,sub_llm_max_batch_size_std,sub_llm_max_batch_size_count,sub_llm_mean_batch_size_mean,sub_llm_mean_batch_size_std,sub_llm_mean_batch_size_count,turns_mean,turns_std,turns_count,prompt_tokens_mean,prompt_tokens_std,prompt_tokens_count,completion_tokens_mean,completion_tokens_std,completion_tokens_count
gpt-5-mini,rlm,codes,250,20.0,0.9166666666666666,0.28867513459481287,12,0.9166666666666666,0.28867513459481287,12,0.9216666666666667,0.27135462651912406,12,0.9996666666666667,0.001154700538379255,12,63825.87766647339,5107.585075480092,12,16.43538475035,5.187438722028925,12,63842.31305122376,5110.174325065234,12,0.0,0.0,12,0.0,0.0,12,0.0,0.0,12,0.0,0.0,12,0.0,0.0,12,0.0,0.0,12,0.0,0.0,12,0.0,0.0,12,3.1666666666666665,0.38924947208076144,12,3440.5,595.3137446300518,12,990.5,315.00375178140916,12
gpt-5-mini,rlm,codes,500,10.0,0.9166666666666666,0.28867513459481287,12,0.9166666666666666,0.28867513459481287,12,0.9203333333333333,0.27597342867264113,12,0.9998333333333332,0.0005773502691896233,12,67257.83735513687,6636.842669527243,12,52.572389443716666,15.659158984850377,12,67310.4097445806,6637.896894266204,12,0.0,0.0,12,0.0,0.0,12,0.0,0.0,12,0.0,0.0,12,0.0,0.0,12,0.0,0.0,12,0.0,0.0,12,0.0,0.0,12,3.25,0.4522670168666453,12,4454.833333333333,817.2046403700999,12,1391.5,171.9775355308731,12
gpt-5-mini,rlm,codes,500,20.0,0.8918918918918919,0.3126364937009626,74,0.8918918918918919,0.3126364937009626,74,0.9344865943783783,0.244709710627429,74,0.9997838916756757,0.0006249612381602049,74,68594.4649271063,9047.72998791716,74,50.19452765181216,19.255851695810858,74,68644.6594547581,9052.204788485244,74,0.0,0.0,74,0.0,0.0,74,0.0,0.0,74,0.0,0.0,74,0.0,0.0,74,0.0,0.0,74,0.0,0.0,74,0.0,0.0,74,3.2972972972972974,0.4890507923793212,74,4626.054054054054,1012.7285250901568,74,1537.945945945946,309.82898030709464,74
gpt-5-mini,rlm,codes,500,25.0,0.8333333333333334,0.3892494720807615,12,0.8333333333333334,0.3892494720807615,12,0.8380000000000001,0.378351447971087,12,0.9996666666666667,0.000778498944161533,12,66845.16791502635,9644.396093013966,12,52.512506643933335,20.332386831827055,12,66897.6804216703,9640.21983203833,12,0.0,0.0,12,0.0,0.0,12,0.0,0.0,12,0.0,0.0,12,0.0,0.0,12,0.0,0.0,12,0.0,0.0,12,0.0,0.0,12,3.0,0.0,12,4052.0,118.91555445318797,12,1476.6666666666667,474.96398587554813,12
gpt-5-mini,rlm,codes,500,50.0,0.8333333333333334,0.3892494720807615,12,0.8333333333333334,0.3892494720807615,12,0.8376666666666667,0.37913282233235485,12,0.9996666666666667,0.000778498944161533,12,66765.75090487798,3379.9767304567586,12,52.33234167099167,21.99092592439757,12,66818.08324654897,3382.0984650683417,12,0.0,0.0,12,0.0,0.0,12,0.0,0.0,12,0.0,0.0,12,0.0,0.0,12,0.0,0.0,12,0.0,0.0,12,0.0,0.0,12,3.1666666666666665,0.38924947208076155,12,4385.333333333333,796.5383439190692,12,1440.5,220.82428226162912,12
gpt-5-mini,rlm,codes,500,100.0,0.8333333333333334,0.3892494720807615,12,0.8333333333333334,0.3892494720807615,12,0.8388333333333334,0.37640641317436113,12,0.9996666666666667,0.000778498944161533,12,86097.28842973709,3017.5277775986347,12,47.45388031005833,12.628882240185728,12,86144.74231004715,3010.7086005016927,12,0.0,0.0,12,0.0,0.0,12,0.0,0.0,12,0.0,0.0,12,0.0,0.0,12,0.0,0.0,12,0.0,0.0,12,0.0,0.0,12,3.0833333333333335,0.288675134594813,12,4250.333333333333,457.90239796337175,12,1372.25,207.0630668090368,12
gpt-5-mini,rlm,codes,500,150.0,0.9166666666666666,0.28867513459481287,12,0.9166666666666666,0.28867513459481287,12,0.9193333333333333,0.2794375302877789,12,0.9998333333333332,0.0005773502691896233,12,68777.17022101085,5418.556498002362,12,45.5034772555,15.242833142584004,12,68822.67369826634,5419.922606930171,12,0.0,0.0,12,0.0,0.0,12,0.0,0.0,12,0.0,0.0,12,0.0,0.0,12,0.0,0.0,12,0.0,0.0,12,0.0,0.0,12,3.4166666666666665,0.6685579234215215,12,4913.083333333333,1402.9871027939141,12,1526.75,319.4538307799736,12
gpt-5-mini,rlm,codes,500,,1.0,0.0,12,1.0,0.0,12,1.0,0.0,12,1.0,0.0,12,66790.69155454636,5388.163192766527,12,48.030038674675005,16.974638495906795,12,66838.72159322102,5384.9089614248505,12,0.0,0.0,12,0.0,0.0,12,0.0,0.0,12,0.0,0.0,12,0.0,0.0,12,0.0,0.0,12,0.0,0.0,12,0.0,0.0,12,3.25,0.4522670168666455,12,4431.333333333333,714.7255459689445,12,1371.1666666666667,300.8892376495599,12
gpt-5-mini,rlm,codes,750,20.0,0.9166666666666666,0.28867513459481287,12,0.9166666666666666,0.28867513459481287,12,0.9204444444416667,0.27558852850280385,12,0.9998888888916667,0.0003849001698372395,12,76143.96363496782,9565.868079018754,12,77.80239979425001,13.675947387426126,12,76221.76603476207,9565.097579638441,12,0.0,0.0,12,0.0,0.0,12,0.0,0.0,12,0.0,0.0,12,0.0,0.0,12,0.0,0.0,12,0.0,0.0,12,0.0,0.0,12,3.3333333333333335,0.49236596391733084,12,5633.0,1116.6389503570726,12,1819.3333333333333,529.7720493216154,12
gpt-5-mini,rlm,codes,1000,20.0,1.0,0.0,12,1.0,0.0,12,1.0,0.0,12,1.0,0.0,12,84712.33117580412,8296.608430442815,12,152.55236625671668,54.037637265561386,12,84864.88354206085,8298.12394225409,12,0.0,0.0,12,0.0,0.0,12,0.0,0.0,12,0.0,0.0,12,0.0,0.0,12,0.0,0.0,12,0.0,0.0,12,0.0,0.0,12,3.5,0.674199862463242,12,7232.666666666667,2239.3847504629616,12,2108.4166666666665,407.63362746763704,12
gpt-5-mini,rlm,csv,250,20.0,1.0,0.0,10,1.0,0.0,10,1.0,0.0,10,1.0,0.0,10,66263.43796253203,5442.960824650438,10,18.07415485381,6.235268527346418,10,66281.51211738586,5447.716836715716,10,0.0,0.0,10,0.0,0.0,10,0.0,0.0,10,0.0,0.0,10,0.0,0.0,10,0.0,0.0,10,0.0,0.0,10,0.0,0.0,10,3.3,0.48304589153964794,10,3395.0,662.3215063530535,10,1151.6,352.50380612602373,10
gpt-5-mini,rlm,csv,500,10.0,1.0,0.0,10,1.0,0.0,10,1.0,0.0,10,1.0,0.0,10,63185.62707901001,1834.0079188205082,10,48.40462207796,28.11642093316234,10,63234.03170108795,1824.1590463929663,10,0.0,0.0,10,0.0,0.0,10,0.0,0.0,10,0.0,0.0,10,0.0,0.0,10,0.0,0.0,10,0.0,0.0,10,0.0,0.0,10,3.4,0.5163977794943222,10,4260.8,766.9370247940832,10,1267.2,161.4371566757652,10
gpt-5-mini,rlm,csv,500,20.0,0.9428571428571428,0.23379132809659062,70,0.9428571428571428,0.23379132809659062,70,0.9722269746214286,0.1627683698319651,70,0.9998859424000001,0.0004666493612114174,70,70722.43370328631,11354.486025192284,70,58.28614916119285,20.33768274058629,70,70780.71985244751,11355.609956705766,70,0.0,0.0,70,0.0,0.0,70,0.0,0.0,70,0.0,0.0,70,0.0,0.0,70,0.0,0.0,70,0.0,0.0,70,0.0,0.0,70,3.5,0.9593173901647275,70,4652.171428571429,2304.170490945875,70,1584.8714285714286,739.5957164623951,70
gpt-5-mini,rlm,csv,500,25.0,1.0,0.0,10,1.0,0.0,10,1.0,0.0,10,1.0,0.0,10,72773.47161769865,30853.926156490023,10,53.08187007904,14.443986673579932,10,72826.5534877777,30852.82973497488,10,0.0,0.0,10,0.0,0.0,10,0.0,0.0,10,0.0,0.0,10,0.0,0.0,10,0.0,0.0,10,0.0,0.0,10,0.0,0.0,10,4.1,1.8529256146249728,10,6382.1,5593.535642944353,10,1831.8,1654.053257237438,10
gpt-5-mini,rlm,csv,500,50.0,0.9,0.31622776601683794,10,0.9,0.31622776601683794,10,0.9035928143699999,0.304866289397455,10,0.9998003992000001,0.0006311931507917281,10,73460.05792617796,18378.12318011974,10,52.9890537262,22.0803298847787,10,73513.04697990417,18376.583539287407,10,0.0,0.0,10,0.0,0.0,10,0.0,0.0,10,0.0,0.0,10,0.0,0.0,10,0.0,0.0,10,0.0,0.0,10,0.0,0.0,10,3.8,1.5491933384829668,10,5486.5,4342.184019080209,10,1954.3,1319.459321085724,10
gpt-5-mini,rlm,csv,500,100.0,1.0,0.0,10,1.0,0.0,10,1.0,0.0,10,1.0,0.0,10,87044.31529045105,4420.460789606473,10,48.94828796387,11.699001198910167,10,87093.26357841492,4418.788009204685,10,0.0,0.0,10,0.0,0.0,10,0.0,0.0,10,0.0,0.0,10,0.0,0.0,10,0.0,0.0,10,0.0,0.0,10,0.0,0.0,10,3.3,0.4830458915396479,10,4132.1,910.3624980071277,10,1326.3,257.5638216485813,10
gpt-5-mini,rlm,csv,500,150.0,1.0,0.0,10,1.0,0.0,10,1.0,0.0,10,1.0,0.0,10,63879.00633811949,2185.616617786853,10,44.81780529024,15.62542280028687,10,63923.82414340973,2197.346062960965,10,0.0,0.0,10,0.0,0.0,10,0.0,0.0,10,0.0,0.0,10,0.0,0.0,10,0.0,0.0,10,0.0,0.0,10,0.0,0.0,10,3.4,0.5163977794943222,10,4197.5,827.8093245293736,10,1249.9,132.4826613393449,10
gpt-5-mini,rlm,csv,500,,1.0,0.0,10,1.0,0.0,10,1.0,0.0,10,1.0,0.0,10,71551.34336948395,5724.557445217546,10,48.659610748300004,18.210251418795046,10,71600.00298023225,5738.040355301424,10,0.0,0.0,10,0.0,0.0,10,0.0,0.0,10,0.0,0.0,10,0.0,0.0,10,0.0,0.0,10,0.0,0.0,10,0.0,0.0,10,3.8,0.7888106377466155,10,5018.8,1591.7359356654888,10,1666.9,353.3894452300465,10
gpt-5-mini,rlm,csv,750,20.0,1.0,0.0,10,1.0,0.0,10,1.0,0.0,10,1.0,0.0,10,72777.89683341979,3741.8330502525923,10,82.16361999512,12.01463012153235,10,72860.06045341492,3747.0413323801886,10,0.0,0.0,10,0.0,0.0,10,0.0,0.0,10,0.0,0.0,10,0.0,0.0,10,0.0,0.0,10,0.0,0.0,10,0.0,0.0,10,3.3,0.4830458915396479,10,4853.6,1049.0769699544874,10,1649.1,163.5960132630241,10
gpt-5-mini,rlm,csv,1000,20.0,1.0,0.0,10,1.0,0.0,10,1.0,0.0,10,1.0,0.0,10,85843.42930316925,9496.398215648867,10,157.51430988312,69.9358539777219,10,86000.94361305235,9476.082940179995,10,0.0,0.0,10,0.0,0.0,10,0.0,0.0,10,0.0,0.0,10,0.0,0.0,10,0.0,0.0,10,0.0,0.0,10,0.0,0.0,10,3.7,0.6749485577105528,10,6488.6,1560.4404079190806,10,2178.3,355.68402019520386,10
gpt-5-mini,rlm,json,250,20.0,0.9,0.31622776601683794,10,0.9,0.31622776601683794,10,0.95577689243,0.13984574513183418,10,0.9996015936300001,0.001259871563519761,10,68676.88009738925,10634.255111310065,10,17.22300052643,4.762669664556874,10,68694.10309791565,10636.00323369854,10,0.0,0.0,10,0.0,0.0,10,0.0,0.0,10,0.0,0.0,10,0.0,0.0,10,0.0,0.0,10,0.0,0.0,10,0.0,0.0,10,3.5,0.7071067811865475,10,3565.8,1078.1265437992167,10,1342.4,604.5375091754026,10
gpt-5-mini,rlm,json,500,10.0,0.6,0.5163977794943222,10,0.6,0.5163977794943222,10,0.75393093812,0.4015711375847881,10,0.9990007984,0.0014135871430003054,10,67384.94920730592,4559.657573842039,10,47.3789691925,7.504927710521854,10,67432.3281764984,4561.43134071343,10,0.0,0.0,10,0.0,0.0,10,0.0,0.0,10,0.0,0.0,10,0.0,0.0,10,0.0,0.0,10,0.0,0.0,10,0.0,0.0,10,3.5,0.5270462766947299,10,4214.5,861.0706836388187,10,1570.8,403.16354553015384,10
gpt-5-mini,rlm,json,500,20.0,0.6285714285714286,0.4866754586687039,70,0.6285714285714286,0.4866754586687039,70,0.8755127127642857,0.2950534041246869,70,0.9983433699471429,0.0031200227238208185,70,70280.6709085192,16397.45552337217,70,60.554688317432856,19.36428027713033,70,70341.22559683664,16397.37294857299,70,0.0,0.0,70,0.0,0.0,70,0.0,0.0,70,0.0,0.0,70,0.0,0.0,70,0.0,0.0,70,0.0,0.0,70,0.0,0.0,70,3.5428571428571427,0.8285785678281706,70,4364.5,1843.0207540882438,70,1637.5285714285715,816.273286884967,70
gpt-5-mini,rlm,json,500,25.0,0.7,0.48304589153964794,10,0.7,0.48304589153964794,10,0.9114000000000001,0.27457611776053,10,0.9982,0.0033266599866332335,10,66627.83200740816,9219.089705530127,10,49.67658519745,5.687915863977295,10,66677.50859260559,9218.690128066482,10,0.0,0.0,10,0.0,0.0,10,0.0,0.0,10,0.0,0.0,10,0.0,0.0,10,0.0,0.0,10,0.0,0.0,10,0.0,0.0,10,3.3,0.674948557710553,10,3907.8,1282.3162029875646,10,1393.1,465.14022975155933,10
gpt-5-mini,rlm,json,500,50.0,1.0,0.0,10,1.0,0.0,10,1.0,0.0,10,1.0,0.0,10,69900.18615722658,7036.883900309377,10,51.09145641328,12.728869069947972,10,69951.27761363986,7037.214909119778,10,0.0,0.0,10,0.0,0.0,10,0.0,0.0,10,0.0,0.0,10,0.0,0.0,10,0.0,0.0,10,0.0,0.0,10,0.0,0.0,10,3.4,0.5163977794943221,10,3957.5,878.4095792333375,10,1616.4,409.3059708552732,10
gpt-5-mini,rlm,json,500,100.0,0.8,0.4216370213557839,10,0.8,0.4216370213557839,10,0.9986,0.0037771241264574207,10,0.9986,0.0037771241264574207,10,86537.96625137328,4924.729746057404,10,38.96508216858,14.504477143217782,10,86576.93133354188,4925.797447178579,10,0.0,0.0,10,0.0,0.0,10,0.0,0.0,10,0.0,0.0,10,0.0,0.0,10,0.0,0.0,10,0.0,0.0,10,0.0,0.0,10,3.1,0.316227766016838,10,3394.3,409.5450185537876,10,1374.6,359.5241299273249,10
gpt-5-mini,rlm,json,500,150.0,0.7,0.48304589153964794,10,0.7,0.48304589153964794,10,0.8262,0.365886989231496,10,0.9994,0.0009660917830793067,10,68603.31587791443,7994.616032023569,10,48.88372421264,3.414648810913144,10,68652.19960212709,7994.137820330619,10,0.0,0.0,10,0.0,0.0,10,0.0,0.0,10,0.0,0.0,10,0.0,0.0,10,0.0,0.0,10,0.0,0.0,10,0.0,0.0,10,3.5,0.7071067811865476,10,4108.8,1271.4569770324297,10,1529.6,415.3491703775672,10
gpt-5-mini,rlm,json,500,,0.7,0.483045891539648,10,0.7,0.483045891539648,10,0.9972,0.0045411696975803575,10,0.9972,0.0045411696975803575,10,69878.7132024765,12481.658116373139,10,46.65582180022,16.329031473175498,10,69925.36902427673,12481.993955840071,10,0.0,0.0,10,0.0,0.0,10,0.0,0.0,10,0.0,0.0,10,0.0,0.0,10,0.0,0.0,10,0.0,0.0,10,0.0,0.0,10,3.3,0.6749485577105528,10,3948.1,1575.0342112686526,10,1657.1,805.9938585373961,10
gpt-5-mini,rlm,json,750,20.0,0.9,0.31622776601683794,10,0.9,0.31622776601683794,10,0.9993333333300001,0.0021081851173198538,10,0.9993333333300001,0.0021081851173198538,10,87495.50034999847,16839.836802939866,10,93.27645301819,25.770329604613497,10,87588.77680301666,16831.763003520908,10,0.0,0.0,10,0.0,0.0,10,0.0,0.0,10,0.0,0.0,10,0.0,0.0,10,0.0,0.0,10,0.0,0.0,10,0.0,0.0,10,3.9,0.9944289260117531,10,6084.4,3423.879417658669,10,2545.7,1245.0771551282364,10
gpt-5-mini,rlm,json,1000,20.0,0.9,0.31622776601683794,10,0.9,0.31622776601683794,10,0.9999000999,0.0003159118544785971,10,0.9999000999,0.0003159118544785971,10,92537.30275630954,27292.747868594917,10,113.88990879058001,17.99308221002997,10,92651.1926651001,27301.600116705384,10,0.0,0.0,10,0.0,0.0,10,0.0,0.0,10,0.0,0.0,10,0.0,0.0,10,0.0,0.0,10,0.0,0.0,10,0.0,0.0,10,3.9,1.1972189997378648,10,6928.9,4352.119597263945,10,2654.7,1677.665047353348,10
gpt-5-mini,rlm,mixed,250,20.0,0.8571428571428571,0.37796447300922725,7,0.8571428571428571,0.37796447300922725,7,0.9994285714285714,0.0015118578920369082,7,0.9994285714285714,0.0015118578920369082,7,67784.90138053895,7553.768118831192,7,21.29323141915714,3.8964333770475994,7,67806.1946119581,7556.614325252023,7,0.0,0.0,7,0.0,0.0,7,0.0,0.0,7,0.0,0.0,7,0.0,0.0,7,0.0,0.0,7,0.0,0.0,7,0.0,0.0,7,3.4285714285714284,0.5345224838248488,7,3482.285714285714,683.9665474971989,7,1148.142857142857,424.993501350875,7
gpt-5-mini,rlm,mixed,500,10.0,1.0,0.0,7,1.0,0.0,7,1.0,0.0,7,1.0,0.0,7,65311.630146844065,6378.8846540587865,7,45.505217143471434,18.53599269869709,7,65357.135363987516,6384.769972161242,7,0.0,0.0,7,0.0,0.0,7,0.0,0.0,7,0.0,0.0,7,0.0,0.0,7,0.0,0.0,7,0.0,0.0,7,0.0,0.0,7,3.0,0.0,7,3334.285714285714,48.02330783315636,7,1389.2857142857142,343.77692102375266,7
gpt-5-mini,rlm,mixed,500,20.0,0.953125,0.21304202581158665,64,0.953125,0.21304202581158665,64,0.9746563123750001,0.14369636329317975,64,0.999906312375,0.00042580076172257433,64,69243.31959709525,7870.235577734045,64,65.15461578965625,26.726282326394944,64,69308.4742128849,7871.673943232702,64,0.0,0.0,64,0.0,0.0,64,0.0,0.0,64,0.0,0.0,64,0.0,0.0,64,0.0,0.0,64,0.0,0.0,64,0.0,0.0,64,3.421875,0.4977628523130841,64,3980.0,778.0094258212215,64,1352.09375,360.196274482113,64
gpt-5-mini,rlm,mixed,500,25.0,0.8571428571428571,0.37796447300922725,7,0.8571428571428571,0.37796447300922725,7,0.9994285714285714,0.0015118578920369145,7,0.9994285714285714,0.0015118578920369145,7,64172.57761955261,5943.350737918236,7,48.8758427756,27.390575589624486,7,64221.45346232823,5951.524505525841,7,0.0,0.0,7,0.0,0.0,7,0.0,0.0,7,0.0,0.0,7,0.0,0.0,7,0.0,0.0,7,0.0,0.0,7,0.0,0.0,7,3.2857142857142856,0.4879500364742665,7,3679.1428571428573,754.4740836219246,7,1235.7142857142858,305.94047039999697,7
gpt-5-mini,rlm,mixed,500,50.0,0.8571428571428571,0.37796447300922725,7,0.8571428571428571,0.37796447300922725,7,0.8668571428571428,0.3522628888445997,7,0.9997142857142858,0.0007559289460184813,7,64791.492632457186,5928.524106398103,7,46.81961877004286,8.566691634113225,7,64838.312251227246,5927.453165173671,7,0.0,0.0,7,0.0,0.0,7,0.0,0.0,7,0.0,0.0,7,0.0,0.0,7,0.0,0.0,7,0.0,0.0,7,0.0,0.0,7,3.142857142857143,0.37796447300922725,7,3404.0,458.64001860573245,7,1359.142857142857,453.89037904595,7
gpt-5-mini,rlm,mixed,500,100.0,1.0,0.0,7,1.0,0.0,7,1.0,0.0,7,1.0,0.0,7,88555.30507223947,8467.104647041991,7,51.86496462141429,13.922789889707916,7,88607.17003686089,8470.981064487556,7,0.0,0.0,7,0.0,0.0,7,0.0,0.0,7,0.0,0.0,7,0.0,0.0,7,0.0,0.0,7,0.0,0.0,7,0.0,0.0,7,3.4285714285714284,0.5345224838248487,7,3943.5714285714284,865.7867052846325,7,1465.0,510.14834443849105,7
gpt-5-mini,rlm,mixed,500,150.0,1.0,0.0,7,1.0,0.0,7,1.0,0.0,7,1.0,0.0,7,63492.11324964253,3452.9078289214413,7,59.80685779025714,30.309265609519517,7,63551.920107432794,3440.596039261592,7,0.0,0.0,7,0.0,0.0,7,0.0,0.0,7,0.0,0.0,7,0.0,0.0,7,0.0,0.0,7,0.0,0.0,7,0.0,0.0,7,3.142857142857143,0.37796447300922725,7,3346.8571428571427,510.19389404794873,7,1178.142857142857,202.10346242409983,7
gpt-5-mini,rlm,mixed,500,,0.2857142857142857,0.4879500364742666,7,0.2857142857142857,0.4879500364742666,7,0.9965719988571429,0.003207431607170436,7,0.9965719988571429,0.003207431607170436,7,64309.867007391804,3676.8254311783567,7,56.27598081317143,29.874969399741282,7,64366.14298820497,3676.3005339730225,7,0.0,0.0,7,0.0,0.0,7,0.0,0.0,7,0.0,0.0,7,0.0,0.0,7,0.0,0.0,7,0.0,0.0,7,0.0,0.0,7,3.0,0.0,7,3175.5714285714284,30.049166060847426,7,1128.5714285714287,235.2465778304806,7
gpt-5-mini,rlm,mixed,750,20.0,0.8571428571428571,0.37796447300922725,7,0.8571428571428571,0.37796447300922725,7,0.9998095238142858,0.0005039526180801453,7,0.9998095238142858,0.0005039526180801453,7,68941.04327474322,5021.126068591827,7,93.8412461962,31.523110174386375,7,69034.88452093943,5013.235613729508,7,0.0,0.0,7,0.0,0.0,7,0.0,0.0,7,0.0,0.0,7,0.0,0.0,7,0.0,0.0,7,0.0,0.0,7,0.0,0.0,7,3.2857142857142856,0.4879500364742666,7,4210.428571428572,702.3334576355348,7,1532.857142857143,142.63873780922742,7
gpt-5-mini,rlm,mixed,1000,20.0,0.7142857142857143,0.4879500364742666,7,0.7142857142857143,0.4879500364742666,7,0.9994285714285714,0.0011338934190276994,7,0.9994285714285714,0.0011338934190276994,7,81795.66526412964,5747.181066596495,7,144.76019995551428,50.41094623291344,7,81940.42546408519,5741.425182022744,7,0.0,0.0,7,0.0,0.0,7,0.0,0.0,7,0.0,0.0,7,0.0,0.0,7,0.0,0.0,7,0.0,0.0,7,0.0,0.0,7,3.5714285714285716,0.5345224838248488,7,5411.857142857143,1177.3470783321045,7,2069.0,392.2660661676799,7
gpt-5-mini,rlm,words,250,20.0,1.0,0.0,11,1.0,0.0,11,1.0,0.0,11,1.0,0.0,11,58576.3252431696,1901.0967717405895,11,17.74230870332727,2.109146286526079,11,58594.06755187295,1899.6379826340617,11,0.0,0.0,11,0.0,0.0,11,0.0,0.0,11,0.0,0.0,11,0.0,0.0,11,0.0,0.0,11,0.0,0.0,11,0.0,0.0,11,3.1818181818181817,0.4045199174779453,11,2836.818181818182,456.2810138898655,11,664.9090909090909,38.33393938914849,11
gpt-5-mini,rlm,words,500,10.0,1.0,0.0,11,1.0,0.0,11,1.0,0.0,11,1.0,0.0,11,57878.31770290027,1635.3069304274616,11,47.47923937710909,14.407720065368975,11,57925.7969422774,1629.9301862566165,11,0.0,0.0,11,0.0,0.0,11,0.0,0.0,11,0.0,0.0,11,0.0,0.0,11,0.0,0.0,11,0.0,0.0,11,0.0,0.0,11,3.1818181818181817,0.40451991747794525,11,3244.090909090909,489.1712286194794,11,821.6363636363636,87.7818577238745,11
gpt-5-mini,rlm,words,500,20.0,0.9861111111111112,0.11785113019775792,72,0.9861111111111112,0.11785113019775792,72,0.9973386560208333,0.02258225249686488,72,0.9999722776666666,0.0002352317986837635,72,75256.37271669175,10618.908344151723,72,61.11180782318334,24.6332664164942,72,75317.48452451493,10617.808178454654,72,0.0,0.0,72,0.0,0.0,72,0.0,0.0,72,0.0,0.0,72,0.0,0.0,72,0.0,0.0,72,0.0,0.0,72,0.0,0.0,72,3.3194444444444446,0.5522397134356255,72,3301.6388888888887,799.6857711319245,72,839.6527777777778,186.6749950984121,72
gpt-5-mini,rlm,words,500,25.0,1.0,0.0,11,1.0,0.0,11,1.0,0.0,11,1.0,0.0,11,58024.42828091707,4152.476829952762,11,50.09516802701818,2.8862428374372433,11,58074.52344894409,4152.133495805897,11,0.0,0.0,11,0.0,0.0,11,0.0,0.0,11,0.0,0.0,11,0.0,0.0,11,0.0,0.0,11,0.0,0.0,11,0.0,0.0,11,3.1818181818181817,0.4045199174779452,11,3072.6363636363635,534.7306373731122,11,868.0909090909091,239.0884583351754,11
gpt-5-mini,rlm,words,500,50.0,1.0,0.0,11,1.0,0.0,11,1.0,0.0,11,1.0,0.0,11,56962.06149187955,2691.124355606725,11,46.987208453090915,5.548844284816262,11,57009.04870033264,2688.9339714030893,11,0.0,0.0,11,0.0,0.0,11,0.0,0.0,11,0.0,0.0,11,0.0,0.0,11,0.0,0.0,11,0.0,0.0,11,0.0,0.0,11,3.272727272727273,0.46709936649691375,11,3062.0,503.5712462005748,11,756.4545454545455,129.47074081533913,11
gpt-5-mini,rlm,words,500,100.0,1.0,0.0,11,1.0,0.0,11,1.0,0.0,11,1.0,0.0,11,78207.25024830211,3077.850269729167,11,55.90434507890909,22.37469187577692,11,78263.15459338101,3063.401460914468,11,0.0,0.0,11,0.0,0.0,11,0.0,0.0,11,0.0,0.0,11,0.0,0.0,11,0.0,0.0,11,0.0,0.0,11,0.0,0.0,11,3.272727272727273,0.6466697906828632,11,3145.0,1037.0552540728002,11,757.0909090909091,214.59005314573858,11
gpt-5-mini,rlm,words,500,150.0,1.0,0.0,11,1.0,0.0,11,1.0,0.0,11,1.0,0.0,11,60739.13045362993,5872.495660983213,11,47.03077402982728,8.278826902641393,11,60786.16122765974,5871.012666164105,11,0.0,0.0,11,0.0,0.0,11,0.0,0.0,11,0.0,0.0,11,0.0,0.0,11,0.0,0.0,11,0.0,0.0,11,0.0,0.0,11,3.4545454545454546,0.5222329678670934,11,3285.818181818182,647.8956425508383,11,930.8181818181819,318.9783121724165,11
gpt-5-mini,rlm,words,500,,1.0,0.0,11,1.0,0.0,11,1.0,0.0,11,1.0,0.0,11,56437.57026845757,2471.317736854237,11,46.496976505618186,13.263678113705275,11,56484.067244963226,2472.51222981288,11,0.0,0.0,11,0.0,0.0,11,0.0,0.0,11,0.0,0.0,11,0.0,0.0,11,0.0,0.0,11,0.0,0.0,11,0.0,0.0,11,3.090909090909091,0.30151134457776363,11,2805.090909090909,331.0031584578777,11,681.0909090909091,126.02258094917322,11
gpt-5-mini,rlm,words,750,20.0,0.9090909090909091,0.30151134457776363,11,0.9090909090909091,0.30151134457776363,11,0.9998787878818182,0.00040201511605327136,11,0.9998787878818182,0.00040201511605327136,11,60370.29134143484,3851.354489039377,11,95.02159465442728,32.44525990838273,11,60465.31293608926,3847.1937700338226,11,0.0,0.0,11,0.0,0.0,11,0.0,0.0,11,0.0,0.0,11,0.0,0.0,11,0.0,0.0,11,0.0,0.0,11,0.0,0.0,11,3.1818181818181817,0.4045199174779452,11,3311.909090909091,485.44566215910396,11,938.4545454545455,192.8094207430558,11
gpt-5-mini,rlm,words,1000,20.0,1.0,0.0,11,1.0,0.0,11,1.0,0.0,11,1.0,0.0,11,68205.77439394865,3749.536348673526,11,135.24358922783637,39.823447826877405,11,68341.01798317648,3746.6201190611932,11,0.0,0.0,11,0.0,0.0,11,0.0,0.0,11,0.0,0.0,11,0.0,0.0,11,0.0,0.0,11,0.0,0.0,11,0.0,0.0,11,3.1818181818181817,0.4045199174779452,11,3634.5454545454545,686.7385766995128,11,1090.090909090909,186.85205620782156,11
gpt-5-mini,rlm_tips,codes,250,20.0,0.75,0.4522670168666455,12,0.75,0.4522670168666455,12,0.9210026560500001,0.27114987155936743,12,0.99900265605,0.0018042673576349417,12,72617.19646056493,6521.612328612654,12,21.669725577041664,7.96443456680823,12,72638.86618614197,6521.627983517136,12,0.0,0.0,12,0.0,0.0,12,0.0,0.0,12,0.0,0.0,12,0.0,0.0,12,0.0,0.0,12,0.0,0.0,12,0.0,0.0,12,4.0,0.0,12,5458.666666666667,324.79317428265955,12,1231.5833333333333,344.65198740793943,12
gpt-5-mini,rlm_tips,codes,500,10.0,0.9166666666666666,0.28867513459481287,12,0.9166666666666666,0.28867513459481287,12,0.9203333333333333,0.27597342867264113,12,0.9998333333333332,0.0005773502691896233,12,89095.8542426427,10235.201192984126,12,45.63502470651667,7.8738125396762,12,89141.48926734924,10236.314792042433,12,0.0,0.0,12,0.0,0.0,12,0.0,0.0,12,0.0,0.0,12,0.0,0.0,12,0.0,0.0,12,0.0,0.0,12,0.0,0.0,12,4.583333333333333,0.6685579234215215,12,8950.25,2361.9374221946778,12,2087.25,457.47272645978086,12
gpt-5-mini,rlm_tips,codes,500,20.0,0.8108108108108109,0.39433230113337375,74,0.8108108108108109,0.39433230113337375,74,0.9343247019459459,0.244666386644641,74,0.9996219992432434,0.0007878779998772061,74,85119.92662661785,15106.029294255706,74,52.033066749570274,14.242979848685012,74,85171.95969336742,15106.328635345308,74,0.0,0.0,74,0.0,0.0,74,0.0,0.0,74,0.0,0.0,74,0.0,0.0,74,0.0,0.0,74,0.0,0.0,74,0.0,0.0,74,4.337837837837838,0.5306245228993006,74,8116.378378378378,1675.3156946636582,74,2036.9054054054054,579.7839977784575,74
gpt-5-mini,rlm_tips,codes,500,25.0,0.75,0.4522670168666455,12,0.75,0.4522670168666455,12,0.837833666,0.3782741845242009,12,0.9993336660000001,0.0013023069021545143,12,99732.61082172394,6980.581024219796,12,51.41365528106667,13.981284887884385,12,99784.024477005,6984.496591362412,12,0.0,0.0,12,0.0,0.0,12,0.0,0.0,12,0.0,0.0,12,0.0,0.0,12,0.0,0.0,12,0.0,0.0,12,0.0,0.0,12,4.0,0.0,12,6946.666666666667,304.78049726836434,12,1838.75,548.5367518970978,12
gpt-5-mini,rlm_tips,codes,500,50.0,0.75,0.4522670168666455,12,0.75,0.4522670168666455,12,0.8375003326666667,0.37905555858626605,12,0.9995003326666666,0.0009039327513230415,12,84396.79449796677,16482.209772666534,12,47.067324320475,6.801762041945942,12,84443.86182228725,16484.322362935858,12,0.0,0.0,12,0.0,0.0,12,0.0,0.0,12,0.0,0.0,12,0.0,0.0,12,0.0,0.0,12,0.0,0.0,12,0.0,0.0,12,4.166666666666667,0.38924947208076144,12,7296.916666666667,1244.3293526549905,12,2039.0833333333333,681.1876604782847,12
gpt-5-mini,rlm_tips,codes,500,100.0,0.75,0.4522670168666455,12,0.75,0.4522670168666455,12,0.8386669993333333,0.37632915220571667,12,0.9995003326666666,0.0009039327513230415,12,82819.75817680359,20451.502505245666,12,49.666782220191664,4.865972394227,12,82869.4249590238,20451.234147002277,12,0.0,0.0,12,0.0,0.0,12,0.0,0.0,12,0.0,0.0,12,0.0,0.0,12,0.0,0.0,12,0.0,0.0,12,0.0,0.0,12,4.333333333333333,0.6513389472789296,12,8247.833333333334,2419.664095144889,12,2325.6666666666665,1097.6745943819212,12
gpt-5-mini,rlm_tips,codes,500,150.0,0.8333333333333334,0.3892494720807615,12,0.8333333333333334,0.3892494720807615,12,0.9191669993333332,0.2793857379204028,12,0.9996669993333334,0.0007777224679127189,12,75254.5084754626,9555.421832543969,12,49.094279607141665,11.022578150374576,12,75303.60275506973,9552.950548707944,12,0.0,0.0,12,0.0,0.0,12,0.0,0.0,12,0.0,0.0,12,0.0,0.0,12,0.0,0.0,12,0.0,0.0,12,0.0,0.0,12,4.25,0.621581560508061,12,7466.583333333333,1947.1924057862168,12,1916.3333333333333,567.6374216207406,12
gpt-5-mini,rlm_tips,codes,500,,0.8333333333333334,0.38924947208076144,12,0.8333333333333334,0.38924947208076144,12,0.999667332,0.0007769450602689907,12,0.999667332,0.0007769450602689907,12,68587.62540419895,6535.691897659321,12,45.779029528308335,7.703096256390022,12,68633.40443372726,6536.944514948796,12,0.0,0.0,12,0.0,0.0,12,0.0,0.0,12,0.0,0.0,12,0.0,0.0,12,0.0,0.0,12,0.0,0.0,12,0.0,0.0,12,4.083333333333333,0.28867513459481287,12,7269.666666666667,819.4699321494168,12,1775.5833333333333,419.8801686917424,12
gpt-5-mini,rlm_tips,codes,750,20.0,0.9166666666666666,0.28867513459481287,12,0.9166666666666666,0.28867513459481287,12,0.9204444444416667,0.27558852850280385,12,0.9998888888916667,0.0003849001698372395,12,84265.57632287341,10345.57325589574,12,92.19884872436667,48.96927126499005,12,84357.7751715978,10334.176274635787,12,0.0,0.0,12,0.0,0.0,12,0.0,0.0,12,0.0,0.0,12,0.0,0.0,12,0.0,0.0,12,0.0,0.0,12,0.0,0.0,12,4.416666666666667,0.5149286505444371,12,10171.583333333334,2424.4494954650236,12,2289.4166666666665,598.6134673838648,12
gpt-5-mini,rlm_tips,codes,1000,20.0,0.8333333333333334,0.3892494720807615,12,0.8333333333333334,0.3892494720807615,12,0.9968364968333333,0.010647966429132454,12,0.9998334998333333,0.00038886061185814974,12,90433.93768866855,18033.77804159033,12,127.854645252225,9.71666994818094,12,90561.79233392079,18037.254046138685,12,0.0,0.0,12,0.0,0.0,12,0.0,0.0,12,0.0,0.0,12,0.0,0.0,12,0.0,0.0,12,0.0,0.0,12,0.0,0.0,12,4.833333333333333,1.1146408580454255,12,14384.0,6745.94679654518,12,2923.3333333333335,844.4417557107646,12
gpt-5-mini,rlm_tips,csv,250,20.0,0.9,0.31622776601683794,10,0.9,0.31622776601683794,10,0.9996015936300001,0.001259871563519761,10,0.9996015936300001,0.001259871563519761,10,79564.65847492217,10979.013757894905,10,18.6526298523,5.0601559476271545,10,79583.31110477448,10979.368536974142,10,0.0,0.0,10,0.0,0.0,10,0.0,0.0,10,0.0,0.0,10,0.0,0.0,10,0.0,0.0,10,0.0,0.0,10,0.0,0.0,10,4.5,0.97182531580755,10,6084.7,2315.921273369292,10,1498.1,501.23834428121893,10
gpt-5-mini,rlm_tips,csv,500,10.0,1.0,0.0,10,1.0,0.0,10,1.0,0.0,10,1.0,0.0,10,83595.73926925659,8654.33150326558,10,47.02544212341,13.860535901240151,10,83642.76471138,8657.226526497812,10,0.0,0.0,10,0.0,0.0,10,0.0,0.0,10,0.0,0.0,10,0.0,0.0,10,0.0,0.0,10,0.0,0.0,10,0.0,0.0,10,4.6,0.5163977794943223,10,7833.0,1479.5286787051848,10,1860.3,291.463757990976,10
gpt-5-mini,rlm_tips,csv,500,20.0,0.9714285714285714,0.1678015193509294,70,0.9714285714285714,0.1678015193509294,70,0.9999429712,0.00033493317503660824,70,0.9999429712,0.00033493317503660824,70,100201.55895437513,17394.80126510626,70,50.07309913634857,20.065768065488086,70,100251.63205351148,17392.25579416161,70,0.0,0.0,70,0.0,0.0,70,0.0,0.0,70,0.0,0.0,70,0.0,0.0,70,0.0,0.0,70,0.0,0.0,70,0.0,0.0,70,4.571428571428571,0.7136643259868994,70,7925.757142857143,2509.741088532835,70,2087.2428571428572,712.6834863807595,70
gpt-5-mini,rlm_tips,csv,500,25.0,1.0,0.0,10,1.0,0.0,10,1.0,0.0,10,1.0,0.0,10,112564.93401527405,9243.140209297377,10,55.20532131194,11.970678351349587,10,112620.139336586,9239.998453064713,10,0.0,0.0,10,0.0,0.0,10,0.0,0.0,10,0.0,0.0,10,0.0,0.0,10,0.0,0.0,10,0.0,0.0,10,0.0,0.0,10,4.5,0.5270462766947299,10,7543.6,1500.496303079603,10,2588.5,646.5747786949661,10
gpt-5-mini,rlm_tips,csv,500,50.0,0.9,0.31622776601683794,10,0.9,0.31622776601683794,10,0.9035928143699999,0.304866289397455,10,0.9998003992000001,0.0006311931507917281,10,87864.26191329956,13295.07062414066,10,48.77743721009,5.844929522567483,10,87913.03935050964,13292.084498186912,10,0.0,0.0,10,0.0,0.0,10,0.0,0.0,10,0.0,0.0,10,0.0,0.0,10,0.0,0.0,10,0.0,0.0,10,0.0,0.0,10,4.6,0.9660917830792958,10,7729.5,2808.2320357596286,10,2188.5,745.8311173151437,10
gpt-5-mini,rlm_tips,csv,500,100.0,1.0,0.0,10,1.0,0.0,10,1.0,0.0,10,1.0,0.0,10,78187.33677864075,10052.265782964785,10,46.879291534420005,15.104006437239013,10,78234.21607017516,10058.22688769411,10,0.0,0.0,10,0.0,0.0,10,0.0,0.0,10,0.0,0.0,10,0.0,0.0,10,0.0,0.0,10,0.0,0.0,10,0.0,0.0,10,4.5,0.5270462766947298,10,7590.8,1679.2400265199335,10,2018.9,592.8556972634891,10
gpt-5-mini,rlm_tips,csv,500,150.0,0.9,0.31622776601683794,10,0.9,0.31622776601683794,10,0.9998003992000001,0.0006311931507917281,10,0.9998003992000001,0.0006311931507917281,10,92521.4551448822,23147.850488714532,10,48.05314540861,7.349036160816361,10,92569.50829029085,23149.035946851123,10,0.0,0.0,10,0.0,0.0,10,0.0,0.0,10,0.0,0.0,10,0.0,0.0,10,0.0,0.0,10,0.0,0.0,10,0.0,0.0,10,4.9,1.8529256146249728,10,9239.9,6037.05285806834,10,2684.6,1412.6137476323809,10
gpt-5-mini,rlm_tips,csv,500,,0.9,0.31622776601683794,10,0.9,0.31622776601683794,10,0.9997999999999999,0.0006324555320336989,10,0.9997999999999999,0.0006324555320336989,10,69124.81544017795,7704.3593761494785,10,53.97059917449,28.984868868721506,10,69178.7860393524,7698.819306098414,10,0.0,0.0,10,0.0,0.0,10,0.0,0.0,10,0.0,0.0,10,0.0,0.0,10,0.0,0.0,10,0.0,0.0,10,0.0,0.0,10,4.3,0.4830458915396479,10,6770.6,1357.7341582373351,10,1714.2,529.8798186591202,10
gpt-5-mini,rlm_tips,csv,750,20.0,1.0,0.0,10,1.0,0.0,10,1.0,0.0,10,1.0,0.0,10,92682.36081600189,11216.937795209584,10,84.54837799072,9.258108939237626,10,92766.90919399261,11213.998359528028,10,0.0,0.0,10,0.0,0.0,10,0.0,0.0,10,0.0,0.0,10,0.0,0.0,10,0.0,0.0,10,0.0,0.0,10,0.0,0.0,10,4.4,0.5163977794943223,10,8662.8,2021.3495381936186,10,2133.2,344.13169313828416,10
gpt-5-mini,rlm_tips,csv,1000,20.0,0.9,0.31622776601683794,10,0.9,0.31622776601683794,10,0.9999,0.00031622776601683783,10,0.9999,0.00031622776601683783,10,89528.7300825119,8530.189395626643,10,188.08140754699997,106.244129381766,10,89716.81149005888,8485.816370864633,10,0.0,0.0,10,0.0,0.0,10,0.0,0.0,10,0.0,0.0,10,0.0,0.0,10,0.0,0.0,10,0.0,0.0,10,0.0,0.0,10,4.7,0.6749485577105528,10,11005.3,2245.8076028210626,10,2991.3,547.7759172832953,10
gpt-5-mini,rlm_tips,json,250,20.0,0.9,0.31622776601683794,10,0.9,0.31622776601683794,10,0.95577689243,0.13984574513183418,10,0.9996015936300001,0.001259871563519761,10,90019.00203227995,11696.437645945149,10,16.33405685425,1.7831283008743988,10,90035.33608913422,11697.118564379545,10,0.0,0.0,10,0.0,0.0,10,0.0,0.0,10,0.0,0.0,10,0.0,0.0,10,0.0,0.0,10,0.0,0.0,10,0.0,0.0,10,4.9,0.8755950357709131,10,6964.4,1956.3140056976765,10,2160.0,713.2124508167254,10
gpt-5-mini,rlm_tips,json,500,10.0,0.9,0.31622776601683794,10,0.9,0.31622776601683794,10,0.9468,0.16823317152095776,10,0.9997999999999999,0.0006324555320336809,10,100330.75559139253,24241.930157291325,10,46.50511741638,8.01573503983403,10,100377.2607088089,24243.495283399337,10,0.0,0.0,10,0.0,0.0,10,0.0,0.0,10,0.0,0.0,10,0.0,0.0,10,0.0,0.0,10,0.0,0.0,10,0.0,0.0,10,5.4,1.2649110640673518,10,10388.3,4816.383545312349,10,2641.6,1102.9771026131452,10
gpt-5-mini,rlm_tips,json,500,20.0,0.6857142857142857,0.4675826561931813,70,0.6857142857142857,0.4675826561931813,70,0.9231198175071429,0.24088967430660868,70,0.9985430282285715,0.003024916987282137,70,100553.70349884033,18006.335777261756,70,46.77670001983571,11.597903760349617,70,100600.48019886017,18007.65077092901,70,0.0,0.0,70,0.0,0.0,70,0.0,0.0,70,0.0,0.0,70,0.0,0.0,70,0.0,0.0,70,0.0,0.0,70,0.0,0.0,70,5.085714285714285,0.6755106955429798,70,8895.6,2280.648346667986,70,2653.3142857142857,888.9135616486091,70
gpt-5-mini,rlm_tips,json,500,25.0,0.8,0.4216370213557839,10,0.8,0.4216370213557839,10,0.9982,0.0038239014399199995,10,0.9982,0.0038239014399199995,10,116995.53081989288,18622.207488768017,10,48.745989799490005,2.5634173987991486,10,117044.27680969238,18621.335346812095,10,0.0,0.0,10,0.0,0.0,10,0.0,0.0,10,0.0,0.0,10,0.0,0.0,10,0.0,0.0,10,0.0,0.0,10,0.0,0.0,10,5.3,0.8232726023485646,10,9224.8,2600.0496490986047,10,2798.6,1017.5567906619376,10
gpt-5-mini,rlm_tips,json,500,50.0,0.9,0.31622776601683794,10,0.9,0.31622776601683794,10,0.9998003992000001,0.0006311931507917409,10,0.9998003992000001,0.0006311931507917409,10,98964.1129732132,15483.73708378759,10,49.19004440307,2.1311984544057228,10,99013.30301761627,15484.302070887607,10,0.0,0.0,10,0.0,0.0,10,0.0,0.0,10,0.0,0.0,10,0.0,0.0,10,0.0,0.0,10,0.0,0.0,10,0.0,0.0,10,4.7,0.8232726023485645,10,7275.9,2189.340207561275,10,2629.5,640.4283722634406,10
gpt-5-mini,rlm_tips,json,500,100.0,0.8,0.4216370213557839,10,0.8,0.4216370213557839,10,0.998,0.004320493798938587,10,0.998,0.004320493798938587,10,88464.5054578781,16125.254031704704,10,44.89991664886,9.373074120927788,10,88509.405374527,16127.792208611318,10,0.0,0.0,10,0.0,0.0,10,0.0,0.0,10,0.0,0.0,10,0.0,0.0,10,0.0,0.0,10,0.0,0.0,10,0.0,0.0,10,5.0,0.9428090415820631,10,7893.6,2487.876256301078,10,2562.1,1009.2323210132431,10
gpt-5-mini,rlm_tips,json,500,150.0,0.9,0.31622776601683794,10,0.9,0.31622776601683794,10,0.9126,0.27638306749871633,10,0.9997999999999999,0.000632455532033674,10,84347.28996753691,11307.555063100832,10,49.52366352081,12.872236934091351,10,84396.81363105774,11306.44808253284,10,0.0,0.0,10,0.0,0.0,10,0.0,0.0,10,0.0,0.0,10,0.0,0.0,10,0.0,0.0,10,0.0,0.0,10,0.0,0.0,10,4.7,0.4830458915396479,10,7240.2,1121.0790238773436,10,2454.8,692.185877412194,10
gpt-5-mini,rlm_tips,json,500,,0.6,0.5163977794943222,10,0.6,0.5163977794943222,10,0.9970003992,0.004447321270438547,10,0.9970003992,0.004447321270438547,10,92381.36894702911,44705.81908109813,10,42.466378211969996,10.863162287304748,10,92423.83532524107,44704.19869316047,10,0.0,0.0,10,0.0,0.0,10,0.0,0.0,10,0.0,0.0,10,0.0,0.0,10,0.0,0.0,10,0.0,0.0,10,0.0,0.0,10,4.9,1.3703203194062976,10,8452.2,4943.971318687033,10,2920.5,2530.878338969826,10
gpt-5-mini,rlm_tips,json,750,20.0,0.7,0.48304589153964794,10,0.7,0.48304589153964794,10,0.8244,0.369848310589592,10,0.99960000001,0.0006440611726179657,10,87038.11531066895,11730.371905062786,10,78.39014530184001,12.971029606745802,10,87116.50545597078,11733.196458129867,10,0.0,0.0,10,0.0,0.0,10,0.0,0.0,10,0.0,0.0,10,0.0,0.0,10,0.0,0.0,10,0.0,0.0,10,0.0,0.0,10,4.7,0.9486832980505138,10,8985.5,3573.7308625269725,10,2525.6,673.9743153694938,10
gpt-5-mini,rlm_tips,json,1000,20.0,0.6,0.5163977794943222,10,0.6,0.5163977794943222,10,0.9111001997999999,0.27762389651589126,10,0.9989001997999999,0.0024698268314645717,10,80377.00135707855,10415.983984860468,10,134.59515571593002,54.43376210727689,10,80511.59651279451,10427.686071063747,10,0.0,0.0,10,0.0,0.0,10,0.0,0.0,10,0.0,0.0,10,0.0,0.0,10,0.0,0.0,10,0.0,0.0,10,0.0,0.0,10,4.4,0.5163977794943222,10,9008.7,2148.2859343103178,10,2530.8,578.7948782695914,10
gpt-5-mini,rlm_tips,mixed,250,20.0,0.8571428571428571,0.37796447300922725,7,0.8571428571428571,0.37796447300922725,7,0.9994285714285714,0.0015118578920369082,7,0.9994285714285714,0.0015118578920369082,7,81193.6984402793,9101.509243610562,7,17.07104274202857,1.165678209814903,7,81210.76948302133,9102.075910099404,7,0.0,0.0,7,0.0,0.0,7,0.0,0.0,7,0.0,0.0,7,0.0,0.0,7,0.0,0.0,7,0.0,0.0,7,0.0,0.0,7,4.142857142857143,0.6900655593423541,7,5323.142857142857,1771.4645004036847,7,1797.142857142857,444.98480444895665,7
gpt-5-mini,rlm_tips,mixed,500,10.0,0.8571428571428571,0.37796447300922725,7,0.8571428571428571,0.37796447300922725,7,0.9997142857142858,0.000755928946018469,7,0.9997142857142858,0.000755928946018469,7,84258.80966867719,14808.75439900166,7,45.26812689644286,6.438498561922169,7,84304.07779557364,14811.26096116371,7,0.0,0.0,7,0.0,0.0,7,0.0,0.0,7,0.0,0.0,7,0.0,0.0,7,0.0,0.0,7,0.0,0.0,7,0.0,0.0,7,4.857142857142857,0.37796447300922725,7,7751.285714285715,1119.6811621001332,7,1998.142857142857,675.6716235399729,7
gpt-5-mini,rlm_tips,mixed,500,20.0,0.875,0.3333333333333333,64,0.875,0.3333333333333333,64,0.93157341566875,0.2332317432067429,64,0.999656437125,0.0011574319896176155,64,88352.77472808957,14272.499159138702,64,51.58513784408125,15.487505565335148,64,88404.35986593366,14271.614197556448,64,0.0,0.0,64,0.0,0.0,64,0.0,0.0,64,0.0,0.0,64,0.0,0.0,64,0.0,0.0,64,0.0,0.0,64,0.0,0.0,64,4.765625,0.6360140634364062,64,7850.609375,1952.7441547419796,64,2188.984375,663.0261430883784,64
gpt-5-mini,rlm_tips,mixed,500,25.0,0.5714285714285714,0.5345224838248488,7,0.5714285714285714,0.5345224838248488,7,0.9145714285714286,0.22338222634672406,7,0.9982857142857142,0.002429971585175815,7,111522.29598590308,8596.959748239753,7,49.91708483015714,20.616475413642288,7,111572.21307073323,8595.295999109678,7,0.0,0.0,7,0.0,0.0,7,0.0,0.0,7,0.0,0.0,7,0.0,0.0,7,0.0,0.0,7,0.0,0.0,7,0.0,0.0,7,4.857142857142857,0.6900655593423541,7,7888.857142857143,1363.3915344428674,7,2398.285714285714,629.196501973142,7
gpt-5-mini,rlm_tips,mixed,500,50.0,1.0,0.0,7,1.0,0.0,7,1.0,0.0,7,1.0,0.0,7,89719.76195062908,22373.803920572413,7,50.32437188284286,1.6160281184792722,7,89770.08632251194,22373.38604469508,7,0.0,0.0,7,0.0,0.0,7,0.0,0.0,7,0.0,0.0,7,0.0,0.0,7,0.0,0.0,7,0.0,0.0,7,0.0,0.0,7,4.571428571428571,0.7867957924694431,7,6974.142857142857,2318.4068832261682,7,2484.0,1084.1684985892798,7
gpt-5-mini,rlm_tips,mixed,500,100.0,1.0,0.0,7,1.0,0.0,7,1.0,0.0,7,1.0,0.0,7,72613.12082835604,8727.827157613157,7,55.03245762415714,10.95457458652761,7,72668.15328598025,8731.709011491652,7,0.0,0.0,7,0.0,0.0,7,0.0,0.0,7,0.0,0.0,7,0.0,0.0,7,0.0,0.0,7,0.0,0.0,7,0.0,0.0,7,4.0,0.0,7,5303.428571428572,207.04899351188772,7,1699.0,500.94011618156514,7
gpt-5-mini,rlm_tips,mixed,500,150.0,1.0,0.0,7,1.0,0.0,7,1.0,0.0,7,1.0,0.0,7,76042.22358976094,6773.335134896852,7,50.94858578274285,14.709089392349554,7,76093.17217554364,6772.055275568824,7,0.0,0.0,7,0.0,0.0,7,0.0,0.0,7,0.0,0.0,7,0.0,0.0,7,0.0,0.0,7,0.0,0.0,7,0.0,0.0,7,4.571428571428571,0.7867957924694432,7,6761.857142857143,1892.2415656720848,7,1836.5714285714287,397.8030740382555,7
gpt-5-mini,rlm_tips,mixed,500,,0.7142857142857143,0.4879500364742666,7,0.7142857142857143,0.4879500364742666,7,0.9985719988571429,0.002991926277168142,7,0.9985719988571429,0.002991926277168142,7,77030.57680811199,11247.287342632744,7,45.93706130981428,8.047002372723252,7,77076.51386942182,11249.100194363858,7,0.0,0.0,7,0.0,0.0,7,0.0,0.0,7,0.0,0.0,7,0.0,0.0,7,0.0,0.0,7,0.0,0.0,7,0.0,0.0,7,4.714285714285714,0.7559289460184544,7,7565.0,2639.514728127123,7,2094.1428571428573,607.8800398574894,7
gpt-5-mini,rlm_tips,mixed,750,20.0,1.0,0.0,7,1.0,0.0,7,1.0,0.0,7,1.0,0.0,7,90100.10746547153,11076.219533568705,7,87.06532205854286,26.760301186049862,7,90187.17278753007,11077.679349617752,7,0.0,0.0,7,0.0,0.0,7,0.0,0.0,7,0.0,0.0,7,0.0,0.0,7,0.0,0.0,7,0.0,0.0,7,0.0,0.0,7,4.571428571428571,0.5345224838248487,7,8172.571428571428,1862.1508940955757,7,2734.0,718.417473803823,7
gpt-5-mini,rlm_tips,mixed,1000,20.0,0.7142857142857143,0.4879500364742666,7,0.7142857142857143,0.4879500364742666,7,0.9997142857142858,0.00048795003647426985,7,0.9997142857142858,0.00048795003647426985,7,96626.17618697032,19617.113521843017,7,170.21080425807142,66.53599945662415,7,96796.38699122837,19594.19355944515,7,0.0,0.0,7,0.0,0.0,7,0.0,0.0,7,0.0,0.0,7,0.0,0.0,7,0.0,0.0,7,0.0,0.0,7,0.0,0.0,7,4.857142857142857,1.0690449676496974,7,10513.285714285714,4094.950374721112,7,3247.285714285714,1148.8943546276298,7
gpt-5-mini,rlm_tips,words,250,20.0,1.0,0.0,11,1.0,0.0,11,1.0,0.0,11,1.0,0.0,11,71910.55967591026,7834.531768780111,11,18.55178312821818,4.624786671595888,11,71929.11145903847,7833.586415177027,11,0.0,0.0,11,0.0,0.0,11,0.0,0.0,11,0.0,0.0,11,0.0,0.0,11,0.0,0.0,11,0.0,0.0,11,0.0,0.0,11,4.7272727272727275,0.6466697906828636,11,5654.818181818182,1094.12026927407,11,1032.7272727272727,244.80526583760036,11
gpt-5-mini,rlm_tips,words,500,10.0,1.0,0.0,11,1.0,0.0,11,1.0,0.0,11,1.0,0.0,11,76700.98714395006,6541.779491442202,11,55.106488141145455,27.100295840024526,11,76756.09363209117,6537.587549694029,11,0.0,0.0,11,0.0,0.0,11,0.0,0.0,11,0.0,0.0,11,0.0,0.0,11,0.0,0.0,11,0.0,0.0,11,0.0,0.0,11,4.636363636363637,0.5045249791095131,11,6605.727272727273,1048.678987193802,11,1514.6363636363637,432.3240156936167,11
gpt-5-mini,rlm_tips,words,500,20.0,0.9305555555555556,0.255992346325338,72,0.9305555555555556,0.255992346325338,72,0.9952038700375001,0.02830652769957252,72,0.999861222,0.0005115761873192615,72,67950.1980940501,8233.85108827506,72,50.92059903674445,16.102184343246343,72,68001.11869308684,8235.520440529282,72,0.0,0.0,72,0.0,0.0,72,0.0,0.0,72,0.0,0.0,72,0.0,0.0,72,0.0,0.0,72,0.0,0.0,72,0.0,0.0,72,4.513888888888889,0.5305605740080069,72,5878.722222222223,1066.841860612694,72,1225.0833333333333,317.2418435893091,72
gpt-5-mini,rlm_tips,words,500,25.0,1.0,0.0,11,1.0,0.0,11,1.0,0.0,11,1.0,0.0,11,90715.31484343788,5582.433695740813,11,52.531415765936366,14.952805599425648,11,90767.84625920383,5586.368998786056,11,0.0,0.0,11,0.0,0.0,11,0.0,0.0,11,0.0,0.0,11,0.0,0.0,11,0.0,0.0,11,0.0,0.0,11,0.0,0.0,11,4.636363636363637,0.504524979109513,11,6188.545454545455,1330.7018722190455,11,1170.4545454545455,347.7238454970736,11
gpt-5-mini,rlm_tips,words,500,50.0,1.0,0.0,11,1.0,0.0,11,1.0,0.0,11,1.0,0.0,11,66878.58559868553,7642.172270004131,11,46.56772180037273,7.817718507705283,11,66925.15332048587,7640.093610985978,11,0.0,0.0,11,0.0,0.0,11,0.0,0.0,11,0.0,0.0,11,0.0,0.0,11,0.0,0.0,11,0.0,0.0,11,0.0,0.0,11,4.363636363636363,0.674199862463242,11,5434.090909090909,1360.310145117315,11,1036.0,412.7318742234479,11
gpt-5-mini,rlm_tips,words,500,100.0,1.0,0.0,11,1.0,0.0,11,1.0,0.0,11,1.0,0.0,11,64858.846599405464,5160.724817851772,11,53.74104326422727,22.088371204472296,11,64912.587642669685,5156.496336449904,11,0.0,0.0,11,0.0,0.0,11,0.0,0.0,11,0.0,0.0,11,0.0,0.0,11,0.0,0.0,11,0.0,0.0,11,0.0,0.0,11,4.636363636363637,0.5045249791095129,11,5685.272727272727,836.7104745261757,11,1151.3636363636363,237.3542806554256,11
gpt-5-mini,rlm_tips,words,500,150.0,1.0,0.0,11,1.0,0.0,11,1.0,0.0,11,1.0,0.0,11,66547.07004807213,5925.419952335828,11,47.89931123906364,14.128220959251157,11,66594.96935931117,5920.524694562807,11,0.0,0.0,11,0.0,0.0,11,0.0,0.0,11,0.0,0.0,11,0.0,0.0,11,0.0,0.0,11,0.0,0.0,11,0.0,0.0,11,4.454545454545454,0.5222329678670935,11,5472.0,1013.9010799875894,11,1213.909090909091,259.2737759764587,11
gpt-5-mini,rlm_tips,words,500,,0.9090909090909091,0.30151134457776363,11,0.9090909090909091,0.30151134457776363,11,0.9998185447272728,0.00060181905586796,11,0.9998185447272728,0.00060181905586796,11,62002.045284618034,7272.061211204983,11,48.22943427346363,6.892517479842808,11,62050.2747188915,7272.302157627463,11,0.0,0.0,11,0.0,0.0,11,0.0,0.0,11,0.0,0.0,11,0.0,0.0,11,0.0,0.0,11,0.0,0.0,11,0.0,0.0,11,4.454545454545454,0.6875516509523286,11,5524.454545454545,1643.2576403982648,11,1249.5454545454545,649.7480070975769,11
gpt-5-mini,rlm_tips,words,750,20.0,0.8181818181818182,0.40451991747794525,11,0.8181818181818182,0.40451991747794525,11,0.9997575757636364,0.0005393598764865597,11,0.9997575757636364,0.0005393598764865597,11,71540.517503565,7356.321531821529,11,112.46338757601819,64.54485742629329,11,71652.98089114101,7369.904558992687,11,0.0,0.0,11,0.0,0.0,11,0.0,0.0,11,0.0,0.0,11,0.0,0.0,11,0.0,0.0,11,0.0,0.0,11,0.0,0.0,11,4.181818181818182,0.7507571935295483,11,5607.727272727273,1689.1831807657268,11,1455.0,415.9478332675866,11
gpt-5-mini,rlm_tips,words,1000,20.0,1.0,0.0,11,1.0,0.0,11,1.0,0.0,11,1.0,0.0,11,67405.41781078684,4224.651463970859,11,161.3642735914727,62.050370423456485,11,67566.78208437831,4212.1073024819325,11,0.0,0.0,11,0.0,0.0,11,0.0,0.0,11,0.0,0.0,11,0.0,0.0,11,0.0,0.0,11,0.0,0.0,11,0.0,0.0,11,4.7272727272727275,0.4670993664969137,11,7538.0,1379.8995615623626,11,1566.8181818181818,371.01234970869046,11
gpt-5-mini,standard,codes,250,20.0,0.9166666666666666,0.28867513459481287,12,0.9166666666666666,0.28867513459481287,12,0.9216666666666667,0.27135462651912406,12,0.9996666666666667,0.001154700538379255,12,8952.14164257049,1971.656954901107,12,19.895076751708334,8.528169399690018,12,8972.036719322208,1974.8302795038317,12,0.0,0.0,12,0.0,0.0,12,0.0,0.0,12,0.0,0.0,12,0.0,0.0,12,0.0,0.0,12,0.0,0.0,12,0.0,0.0,12,1.0,0.0,12,194.08333333333334,4.561864318522205,12,497.6666666666667,117.02317822732489,12
gpt-5-mini,standard,codes,500,10.0,0.9166666666666666,0.28867513459481287,12,0.9166666666666666,0.28867513459481287,12,0.9203333333333333,0.27597342867264113,12,0.9998333333333332,0.0005773502691896233,12,12524.849931399041,4167.55231353762,12,44.37696933746667,16.618035211225187,12,12569.226900736501,4172.4835568200315,12,0.0,0.0,12,0.0,0.0,12,0.0,0.0,12,0.0,0.0,12,0.0,0.0,12,0.0,0.0,12,0.0,0.0,12,0.0,0.0,12,1.0,0.0,12,359.8333333333333,9.842702265068672,12,780.5833333333334,210.07983691632063,12
gpt-5-mini,standard,codes,500,20.0,0.918918918918919,0.2748228199711542,74,0.918918918918919,0.2748228199711542,74,0.9345405405405406,0.2447241213984113,74,0.9998378378378379,0.0005496456399423056,74,12593.732927296609,3775.26030990378,74,49.75026684838649,21.826628184663992,74,12643.483194144994,3775.320619079046,74,0.0,0.0,74,0.0,0.0,74,0.0,0.0,74,0.0,0.0,74,0.0,0.0,74,0.0,0.0,74,0.0,0.0,74,0.0,0.0,74,1.0,0.0,74,356.8783783783784,10.808358894478612,74,802.0945945945946,229.0771939593707,74
gpt-5-mini,standard,codes,500,25.0,0.8333333333333334,0.3892494720807615,12,0.8333333333333334,0.3892494720807615,12,0.8380000000000001,0.378351447971087,12,0.9996666666666667,0.000778498944161533,12,10778.13150485356,3483.0713785450375,12,54.23084894815833,19.5426731708068,12,10832.362353801733,3482.395178265369,12,0.0,0.0,12,0.0,0.0,12,0.0,0.0,12,0.0,0.0,12,0.0,0.0,12,0.0,0.0,12,0.0,0.0,12,0.0,0.0,12,1.0,0.0,12,356.25,6.297546419764677,12,771.8333333333334,251.12794034962025,12
gpt-5-mini,standard,codes,500,50.0,0.8333333333333334,0.3892494720807615,12,0.8333333333333334,0.3892494720807615,12,0.8376666666666667,0.37913282233235485,12,0.9996666666666667,0.000778498944161533,12,17952.90605227152,13031.576419749907,12,43.09008518855,13.95667938576638,12,17995.99613746007,13035.563666353359,12,0.0,0.0,12,0.0,0.0,12,0.0,0.0,12,0.0,0.0,12,0.0,0.0,12,0.0,0.0,12,0.0,0.0,12,0.0,0.0,12,1.0,0.0,12,358.8333333333333,7.107401178711639,12,859.8333333333334,182.3766498876499,12
gpt-5-mini,standard,codes,500,100.0,0.8333333333333334,0.3892494720807615,12,0.8333333333333334,0.3892494720807615,12,0.8388333333333334,0.37640641317436113,12,0.9996666666666667,0.000778498944161533,12,13814.680059750885,4408.9520107788185,12,60.331781705225005,27.941628415338442,12,13875.0118414561,4395.820618665865,12,0.0,0.0,12,0.0,0.0,12,0.0,0.0,12,0.0,0.0,12,0.0,0.0,12,0.0,0.0,12,0.0,0.0,12,0.0,0.0,12,1.0,0.0,12,358.5833333333333,5.177895910561173,12,902.25,186.69232101849482,12
gpt-5-mini,standard,codes,500,150.0,0.9166666666666666,0.28867513459481287,12,0.9166666666666666,0.28867513459481287,12,0.9193333333333333,0.2794375302877789,12,0.9998333333333332,0.0005773502691896233,12,15176.266829172768,6308.093084368607,12,54.09864584603333,15.696232238098574,12,15230.365475018807,6301.4976492311025,12,0.0,0.0,12,0.0,0.0,12,0.0,0.0,12,0.0,0.0,12,0.0,0.0,12,0.0,0.0,12,0.0,0.0,12,0.0,0.0,12,1.0,0.0,12,359.0833333333333,7.971065097455845,12,876.1666666666666,186.2373038178263,12
gpt-5-mini,standard,codes,500,,1.0,0.0,12,1.0,0.0,12,1.0,0.0,12,1.0,0.0,12,10580.043335755674,2486.7979364051166,12,50.21182696023333,30.39378903553068,12,10630.255162715925,2475.951747288879,12,0.0,0.0,12,0.0,0.0,12,0.0,0.0,12,0.0,0.0,12,0.0,0.0,12,0.0,0.0,12,0.0,0.0,12,0.0,0.0,12,1.0,0.0,12,355.5833333333333,6.2298158929944405,12,664.4166666666666,177.06108772928846,12
gpt-5-mini,standard,codes,750,20.0,0.8333333333333334,0.38924947208076144,12,0.8333333333333334,0.38924947208076144,12,0.9203333333333333,0.2755538041756578,12,0.9997777777833333,0.000518999283132685,12,18303.786993026733,7109.228916421657,12,108.54383309680833,56.189754878753256,12,18412.33082612355,7084.82880104874,12,0.0,0.0,12,0.0,0.0,12,0.0,0.0,12,0.0,0.0,12,0.0,0.0,12,0.0,0.0,12,0.0,0.0,12,0.0,0.0,12,1.0,0.0,12,526.0,10.41851498753323,12,1032.0833333333333,296.7782944566635,12
gpt-5-mini,standard,codes,1000,20.0,1.0,0.0,12,1.0,0.0,12,1.0,0.0,12,1.0,0.0,12,17800.87103446323,6239.158588525309,12,228.83188724518334,163.71995367788108,12,18029.702921708416,6187.6178990418,12,0.0,0.0,12,0.0,0.0,12,0.0,0.0,12,0.0,0.0,12,0.0,0.0,12,0.0,0.0,12,0.0,0.0,12,0.0,0.0,12,1.0,0.0,12,683.1666666666666,9.637364156178155,12,1141.3333333333333,325.15376315978517,12
gpt-5-mini,standard,csv,250,20.0,1.0,0.0,10,1.0,0.0,10,1.0,0.0,10,1.0,0.0,10,8751.73776149749,2519.260194727953,10,17.64011383058,9.196125718099092,10,8769.37787532806,2521.693952597671,10,0.0,0.0,10,0.0,0.0,10,0.0,0.0,10,0.0,0.0,10,0.0,0.0,10,0.0,0.0,10,0.0,0.0,10,0.0,0.0,10,1.0,0.0,10,151.7,10.011659869039365,10,520.4,119.76291394065007,10
gpt-5-mini,standard,csv,500,10.0,1.0,0.0,10,1.0,0.0,10,1.0,0.0,10,1.0,0.0,10,10079.20377254485,3153.669708353639,10,46.685194969179996,30.550229382483966,10,10125.888967514029,3147.986072704473,10,0.0,0.0,10,0.0,0.0,10,0.0,0.0,10,0.0,0.0,10,0.0,0.0,10,0.0,0.0,10,0.0,0.0,10,0.0,0.0,10,1.0,0.0,10,278.8,7.360555534589615,10,660.0,157.47380734585673,10
gpt-5-mini,standard,csv,500,20.0,0.9428571428571428,0.23379132809659073,70,0.9428571428571428,0.23379132809659073,70,0.9998857142857144,0.0004675826561932041,70,0.9998857142857144,0.0004675826561932041,70,11124.705668858118,3652.6068733848747,70,48.026922770911426,18.760848472846387,70,11172.732591629023,3651.1227514817624,70,0.0,0.0,70,0.0,0.0,70,0.0,0.0,70,0.0,0.0,70,0.0,0.0,70,0.0,0.0,70,0.0,0.0,70,0.0,0.0,70,1.0,0.0,70,271.8,10.041363727464825,70,687.9857142857143,201.48711562771243,70
gpt-5-mini,standard,csv,500,25.0,0.9,0.31622776601683794,10,0.9,0.31622776601683794,10,0.9997999999999999,0.0006324555320336803,10,0.9997999999999999,0.0006324555320336803,10,10473.004579544071,2685.923018299798,10,41.52624607087,16.912244934052154,10,10514.53082561492,2689.22809745106,10,0.0,0.0,10,0.0,0.0,10,0.0,0.0,10,0.0,0.0,10,0.0,0.0,10,0.0,0.0,10,0.0,0.0,10,0.0,0.0,10,1.0,0.0,10,269.7,13.342080464122192,10,702.3,170.30824994697116,10
gpt-5-mini,standard,csv,500,50.0,1.0,0.0,10,1.0,0.0,10,1.0,0.0,10,1.0,0.0,10,10245.17917633056,2528.9975574807013,10,49.51090812685,10.237395558426783,10,10294.690084457401,2527.3525249228755,10,0.0,0.0,10,0.0,0.0,10,0.0,0.0,10,0.0,0.0,10,0.0,0.0,10,0.0,0.0,10,0.0,0.0,10,0.0,0.0,10,1.0,0.0,10,270.4,11.117553687749835,10,728.7,178.95688493787176,10
gpt-5-mini,standard,csv,500,100.0,0.6,0.5163977794943223,10,0.6,0.5163977794943223,10,0.9992000000000001,0.0010327955589886466,10,0.9992000000000001,0.0010327955589886466,10,11383.700442314139,2733.5599325135577,10,44.780874252320004,21.47344476112229,10,11428.48131656645,2734.1654691067374,10,0.0,0.0,10,0.0,0.0,10,0.0,0.0,10,0.0,0.0,10,0.0,0.0,10,0.0,0.0,10,0.0,0.0,10,0.0,0.0,10,1.0,0.0,10,269.3,9.031426613036649,10,804.5,148.88343688193717,10
gpt-5-mini,standard,csv,500,150.0,1.0,0.0,10,1.0,0.0,10,1.0,0.0,10,1.0,0.0,10,10081.960058212291,3782.78064259862,10,35.524439811709996,9.745471082375069,10,10117.48449802399,3789.245740645244,10,0.0,0.0,10,0.0,0.0,10,0.0,0.0,10,0.0,0.0,10,0.0,0.0,10,0.0,0.0,10,0.0,0.0,10,0.0,0.0,10,1.0,0.0,10,266.4,10.668749796589207,10,622.4,140.96981552406493,10
gpt-5-mini,standard,csv,500,,0.8,0.4216370213557839,10,0.8,0.4216370213557839,10,0.9996,0.0008432740427115705,10,0.9996,0.0008432740427115705,10,8773.6436843872,3155.019904920793,10,45.8338022232,15.964028629830022,10,8819.477486610409,3150.5987282111178,10,0.0,0.0,10,0.0,0.0,10,0.0,0.0,10,0.0,0.0,10,0.0,0.0,10,0.0,0.0,10,0.0,0.0,10,0.0,0.0,10,1.0,0.0,10,263.1,2.6012817353502133,10,529.0,91.17748260032918,10
gpt-5-mini,standard,csv,750,20.0,0.9,0.31622776601683794,10,0.9,0.31622776601683794,10,0.99986666667,0.000421637010814844,10,0.99986666667,0.000421637010814844,10,13639.052939414982,4769.613746965615,10,105.45456409454,56.687821001567514,10,13744.507503509521,4759.329875386311,10,0.0,0.0,10,0.0,0.0,10,0.0,0.0,10,0.0,0.0,10,0.0,0.0,10,0.0,0.0,10,0.0,0.0,10,0.0,0.0,10,1.0,0.0,10,392.8,12.136263382478516,10,972.5,294.27887378395945,10
gpt-5-mini,standard,csv,1000,20.0,0.9,0.31622776601683794,10,0.9,0.31622776601683794,10,0.9999,0.00031622776601683783,10,0.9999,0.00031622776601683783,10,13523.86298179628,3841.261084899058,10,282.72860050201,119.34134358196549,10,13806.59158229827,3828.911840591416,10,0.0,0.0,10,0.0,0.0,10,0.0,0.0,10,0.0,0.0,10,0.0,0.0,10,0.0,0.0,10,0.0,0.0,10,0.0,0.0,10,1.0,0.0,10,515.6,25.773371270880855,10,941.7,268.1749221849218,10
gpt-5-mini,standard,json,250,20.0,0.8,0.4216370213557839,10,0.8,0.4216370213557839,10,0.95537689243,0.13971085499175362,10,0.9992015936299999,0.0016831926095994662,10,13951.21302604675,5456.295710468316,10,18.24843883514,4.1538792235923685,10,13969.461464881912,5453.840322680036,10,0.0,0.0,10,0.0,0.0,10,0.0,0.0,10,0.0,0.0,10,0.0,0.0,10,0.0,0.0,10,0.0,0.0,10,0.0,0.0,10,1.0,0.0,10,123.9,3.142893217686178,10,793.4,453.24195157406456,10
gpt-5-mini,standard,json,500,10.0,0.7,0.48304589153964794,10,0.7,0.48304589153964794,10,0.9992000000000001,0.0013984117975602086,10,0.9992000000000001,0.0013984117975602086,10,12152.00164318085,3946.9559884231303,10,58.11440944672,19.79589413410165,10,12210.11605262756,3939.3886667361608,10,0.0,0.0,10,0.0,0.0,10,0.0,0.0,10,0.0,0.0,10,0.0,0.0,10,0.0,0.0,10,0.0,0.0,10,0.0,0.0,10,1.0,0.0,10,230.0,10.718623460542362,10,829.3,238.79654287465902,10
gpt-5-mini,standard,json,500,20.0,0.5428571428571428,0.5017567482042768,70,0.5428571428571428,0.5017567482042768,70,0.9722000000000001,0.14559150715794428,70,0.9969714285714285,0.0043304497492819395,70,12017.50314235687,4680.445590462342,70,45.70766857692143,19.756618256007044,70,12063.210810933799,4682.397001347835,70,0.0,0.0,70,0.0,0.0,70,0.0,0.0,70,0.0,0.0,70,0.0,0.0,70,0.0,0.0,70,0.0,0.0,70,0.0,0.0,70,1.0,0.0,70,214.55714285714285,8.984101439484542,70,777.7428571428571,300.91077620799035,70
gpt-5-mini,standard,json,500,25.0,0.4,0.5163977794943222,10,0.4,0.5163977794943222,10,0.9962,0.004366539438350096,10,0.9962,0.004366539438350096,10,10614.63015079498,3718.1638504611906,10,48.8469839096,20.571127716883026,10,10663.4771347046,3715.6346228791244,10,0.0,0.0,10,0.0,0.0,10,0.0,0.0,10,0.0,0.0,10,0.0,0.0,10,0.0,0.0,10,0.0,0.0,10,0.0,0.0,10,1.0,0.0,10,211.6,7.042726744663603,10,797.2,344.8312953057222,10
gpt-5-mini,standard,json,500,50.0,0.9,0.31622776601683794,10,0.9,0.31622776601683794,10,0.9992000000000001,0.002529822128134713,10,0.9992000000000001,0.002529822128134713,10,15021.836447715763,9041.937704030008,10,50.44198036193,14.21306851759414,10,15072.278428077701,9040.933402119004,10,0.0,0.0,10,0.0,0.0,10,0.0,0.0,10,0.0,0.0,10,0.0,0.0,10,0.0,0.0,10,0.0,0.0,10,0.0,0.0,10,1.0,0.0,10,206.3,6.9928534948188386,10,702.9,166.26113997764682,10
gpt-5-mini,standard,json,500,100.0,0.7,0.48304589153964794,10,0.7,0.48304589153964794,10,0.9978,0.004049691346263323,10,0.9978,0.004049691346263323,10,9478.21478843689,2392.2261155239553,10,47.0819234848,23.321106778260148,10,9525.296711921701,2392.6179044878054,10,0.0,0.0,10,0.0,0.0,10,0.0,0.0,10,0.0,0.0,10,0.0,0.0,10,0.0,0.0,10,0.0,0.0,10,0.0,0.0,10,1.0,0.0,10,201.7,3.7727090178455787,10,659.9,118.58747357494757,10
gpt-5-mini,standard,json,500,150.0,0.7,0.483045891539648,10,0.7,0.483045891539648,10,0.999,0.0016996731711975937,10,0.999,0.0016996731711975937,10,16189.00759220123,6776.055135197645,10,44.14651393889,8.144928814306457,10,16233.15410614014,6780.078427093843,10,0.0,0.0,10,0.0,0.0,10,0.0,0.0,10,0.0,0.0,10,0.0,0.0,10,0.0,0.0,10,0.0,0.0,10,0.0,0.0,10,1.0,0.0,10,201.6,4.0606512887576205,10,948.0,240.33032822901623,10
gpt-5-mini,standard,json,500,,0.7,0.483045891539648,10,0.7,0.483045891539648,10,0.9965999999999999,0.005501514942874091,10,0.9965999999999999,0.005501514942874091,10,11834.43512916565,3764.82239224248,10,68.14422607421,38.52307723177341,10,11902.579355239859,3739.6111947900113,10,0.0,0.0,10,0.0,0.0,10,0.0,0.0,10,0.0,0.0,10,0.0,0.0,10,0.0,0.0,10,0.0,0.0,10,0.0,0.0,10,1.0,0.0,10,201.9,2.643650674519782,10,782.2,291.21385803411056,10
gpt-5-mini,standard,json,750,20.0,0.7,0.48304589153964794,10,0.7,0.48304589153964794,10,0.8234666666700001,0.37006569986562,10,0.9984,0.0030663445950037346,10,16175.768613815299,4267.541959018449,10,102.95073986052998,56.9485893893382,10,16278.719353675851,4235.848903012476,10,0.0,0.0,10,0.0,0.0,10,0.0,0.0,10,0.0,0.0,10,0.0,0.0,10,0.0,0.0,10,0.0,0.0,10,0.0,0.0,10,1.0,0.0,10,304.6,13.582668695395938,10,1025.3,291.1380161443099,10
gpt-5-mini,standard,json,1000,20.0,0.7,0.48304589153964794,10,0.7,0.48304589153964794,10,0.999,0.0024944382578492986,10,0.999,0.0024944382578492986,10,14646.86634540557,2201.0667331635655,10,226.02310180664,132.79479812000298,10,14872.88944721221,2205.6001270424686,10,0.0,0.0,10,0.0,0.0,10,0.0,0.0,10,0.0,0.0,10,0.0,0.0,10,0.0,0.0,10,0.0,0.0,10,0.0,0.0,10,1.0,0.0,10,393.5,13.435028842544401,10,1024.5,187.61855511175386,10
gpt-5-mini,standard,mixed,250,20.0,0.8571428571428571,0.37796447300922725,7,0.8571428571428571,0.37796447300922725,7,0.9988571428571429,0.003023715784073821,7,0.9988571428571429,0.003023715784073821,7,17657.82434599737,11541.335574128218,7,19.603252410885716,10.093541861271026,7,17677.427598408285,11539.75643515347,7,0.0,0.0,7,0.0,0.0,7,0.0,0.0,7,0.0,0.0,7,0.0,0.0,7,0.0,0.0,7,0.0,0.0,7,0.0,0.0,7,1.0,0.0,7,125.14285714285714,11.524301445620202,7,734.0,284.822751900195,7
gpt-5-mini,standard,mixed,500,10.0,0.42857142857142855,0.5345224838248488,7,0.42857142857142855,0.5345224838248488,7,0.9985714285714286,0.001511857892036918,7,0.9985714285714286,0.001511857892036918,7,8668.8938140869,2130.6953186687747,7,74.49752943857142,36.18872037951965,7,8743.39134352547,2128.682669624794,7,0.0,0.0,7,0.0,0.0,7,0.0,0.0,7,0.0,0.0,7,0.0,0.0,7,0.0,0.0,7,0.0,0.0,7,0.0,0.0,7,1.0,0.0,7,225.14285714285714,7.2210011177714915,7,605.4285714285714,145.0239717458889,7
gpt-5-mini,standard,mixed,500,20.0,0.796875,0.40550526976788326,64,0.796875,0.40550526976788326,64,0.9338884730531251,0.23370720937176975,64,0.999218812375,0.0021855506196164437,64,11677.656877785921,3726.227858907553,64,50.97245797515,23.478716845465886,64,11728.629335761067,3725.876678686329,64,0.0,0.0,64,0.0,0.0,64,0.0,0.0,64,0.0,0.0,64,0.0,0.0,64,0.0,0.0,64,0.0,0.0,64,0.0,0.0,64,1.0,0.0,64,219.625,15.834962322216985,64,727.6875,197.34257338405533,64
gpt-5-mini,standard,mixed,500,25.0,0.5714285714285714,0.5345224838248488,7,0.5714285714285714,0.5345224838248488,7,0.9982857142857142,0.002429971585175815,7,0.9982857142857142,0.002429971585175815,7,9064.673900604243,2376.17369007969,7,56.627477918357144,40.11953268373241,7,9121.301378522601,2361.958708444667,7,0.0,0.0,7,0.0,0.0,7,0.0,0.0,7,0.0,0.0,7,0.0,0.0,7,0.0,0.0,7,0.0,0.0,7,0.0,0.0,7,1.0,0.0,7,203.42857142857142,13.163803184707458,7,620.2857142857143,214.1290220760327,7
gpt-5-mini,standard,mixed,500,50.0,0.7142857142857143,0.48795003647426666,7,0.7142857142857143,0.48795003647426666,7,0.8665714285714285,0.3521376895206651,7,0.9994285714285714,0.0009759000729485381,7,24462.633439472742,19752.22896156821,7,45.643738337928575,10.039023599221487,7,24508.277177810658,19754.632506819184,7,0.0,0.0,7,0.0,0.0,7,0.0,0.0,7,0.0,0.0,7,0.0,0.0,7,0.0,0.0,7,0.0,0.0,7,0.0,0.0,7,1.0,0.0,7,192.14285714285714,21.59805987759527,7,1038.857142857143,587.2065021697871,7
gpt-5-mini,standard,mixed,500,100.0,1.0,0.0,7,1.0,0.0,7,1.0,0.0,7,1.0,0.0,7,11414.940118789671,5144.954102526706,7,49.24345016478571,19.921420554364612,7,11464.1835689545,5143.538846908628,7,0.0,0.0,7,0.0,0.0,7,0.0,0.0,7,0.0,0.0,7,0.0,0.0,7,0.0,0.0,7,0.0,0.0,7,0.0,0.0,7,1.0,0.0,7,197.28571428571428,22.676818454935326,7,659.8571428571429,182.12489173771988,7
gpt-5-mini,standard,mixed,500,150.0,1.0,0.0,7,1.0,0.0,7,1.0,0.0,7,1.0,0.0,7,10270.702702658515,2286.0432085245834,7,47.881330762599994,19.891635183983162,7,10318.584033421113,2284.4222057448405,7,0.0,0.0,7,0.0,0.0,7,0.0,0.0,7,0.0,0.0,7,0.0,0.0,7,0.0,0.0,7,0.0,0.0,7,0.0,0.0,7,1.0,0.0,7,187.14285714285714,24.781905841618745,7,585.8571428571429,149.6946097575868,7
gpt-5-mini,standard,mixed,500,,0.7142857142857143,0.4879500364742666,7,0.7142857142857143,0.4879500364742666,7,0.9974285714285714,0.00442933941113653,7,0.9974285714285714,0.00442933941113653,7,12475.649901798784,4430.6055841313255,7,43.514456067771434,16.503059446974998,7,12519.164357866557,4432.215151923242,7,0.0,0.0,7,0.0,0.0,7,0.0,0.0,7,0.0,0.0,7,0.0,0.0,7,0.0,0.0,7,0.0,0.0,7,0.0,0.0,7,1.0,0.0,7,191.42857142857142,5.912053869204928,7,782.1428571428571,301.6744539905164,7
gpt-5-mini,standard,mixed,750,20.0,0.5714285714285714,0.5345224838248488,7,0.5714285714285714,0.5345224838248488,7,0.9994285714428572,0.000712696627282365,7,0.9994285714428572,0.000712696627282365,7,14194.1033431462,3183.10152759088,7,86.81075913564284,24.049458328134946,7,14280.914102281842,3168.1355992541244,7,0.0,0.0,7,0.0,0.0,7,0.0,0.0,7,0.0,0.0,7,0.0,0.0,7,0.0,0.0,7,0.0,0.0,7,0.0,0.0,7,1.0,0.0,7,298.0,14.0118997046558,7,952.4285714285714,241.65875192293862,7
gpt-5-mini,standard,mixed,1000,20.0,0.8571428571428571,0.37796447300922725,7,0.8571428571428571,0.37796447300922725,7,0.9995714285714286,0.0011338934190276897,7,0.9995714285714286,0.0011338934190276897,7,14307.553018842415,4699.893043512798,7,257.2657380785143,134.14382337234653,7,14564.818756920942,4702.341538145223,7,0.0,0.0,7,0.0,0.0,7,0.0,0.0,7,0.0,0.0,7,0.0,0.0,7,0.0,0.0,7,0.0,0.0,7,0.0,0.0,7,1.0,0.0,7,396.57142857142856,17.803156488453983,7,978.4285714285714,279.1211547834006,7
gpt-5-mini,standard,words,250,20.0,0.9090909090909091,0.30151134457776363,11,0.9090909090909091,0.30151134457776363,11,0.9996363636363637,0.0012060453783110504,11,0.9996363636363637,0.0012060453783110504,11,5754.962227561255,2332.1688353805985,11,16.648097471754543,3.5102702750017176,11,5771.610325033,2332.7101728638045,11,0.0,0.0,11,0.0,0.0,11,0.0,0.0,11,0.0,0.0,11,0.0,0.0,11,0.0,0.0,11,0.0,0.0,11,0.0,0.0,11,1.0,0.0,11,77.72727272727273,4.076540422733695,11,276.8181818181818,88.7195786529875,11
gpt-5-mini,standard,words,500,10.0,0.9090909090909091,0.30151134457776363,11,0.9090909090909091,0.30151134457776363,11,0.9998181818181817,0.0006030226891555272,11,0.9998181818181817,0.0006030226891555272,11,7590.9126888622095,1937.6142390696807,11,62.26073611866364,25.07457020022796,11,7653.173424980854,1929.5356933380367,11,0.0,0.0,11,0.0,0.0,11,0.0,0.0,11,0.0,0.0,11,0.0,0.0,11,0.0,0.0,11,0.0,0.0,11,0.0,0.0,11,1.0,0.0,11,154.27272727272728,6.798395532637225,11,469.72727272727275,134.1335833481615,11
gpt-5-mini,standard,words,500,20.0,0.8333333333333334,0.37529331252040077,72,0.8333333333333334,0.37529331252040077,72,0.9970555555555555,0.022366907704248967,72,0.9996666666666667,0.0007505866250407888,72,6585.171904828812,2496.0148942590163,72,48.16763268576945,22.990902994218285,72,6633.339537514579,2492.590874851549,72,0.0,0.0,72,0.0,0.0,72,0.0,0.0,72,0.0,0.0,72,0.0,0.0,72,0.0,0.0,72,0.0,0.0,72,0.0,0.0,72,1.0,0.0,72,124.125,4.2324617416305355,72,383.02777777777777,157.881482757824,72
gpt-5-mini,standard,words,500,25.0,0.7272727272727273,0.4670993664969138,11,0.7272727272727273,0.4670993664969138,11,0.9994545454545455,0.0009341987329938478,11,0.9994545454545455,0.0009341987329938478,11,6576.408798044382,1517.1930604020602,11,69.75583596662727,41.84529270192732,11,6646.164634011017,1509.0392084035918,11,0.0,0.0,11,0.0,0.0,11,0.0,0.0,11,0.0,0.0,11,0.0,0.0,11,0.0,0.0,11,0.0,0.0,11,0.0,0.0,11,1.0,0.0,11,120.0,3.405877273185281,11,429.6363636363636,133.11143656896857,11
gpt-5-mini,standard,words,500,50.0,1.0,0.0,11,1.0,0.0,11,1.0,0.0,11,1.0,0.0,11,4969.288175756291,1342.1013667791442,11,48.997814005072726,18.17557266214846,11,5018.285989761363,1343.0061138795036,11,0.0,0.0,11,0.0,0.0,11,0.0,0.0,11,0.0,0.0,11,0.0,0.0,11,0.0,0.0,11,0.0,0.0,11,0.0,0.0,11,1.0,0.0,11,107.0909090909091,2.3432688900143512,11,323.54545454545456,69.85608582845684,11
gpt-5-mini,standard,words,500,100.0,1.0,0.0,11,1.0,0.0,11,1.0,0.0,11,1.0,0.0,11,5315.035971728245,1323.2830472245191,11,55.52877079356363,26.710444705192966,11,5370.5647425218085,1315.4531476932832,11,0.0,0.0,11,0.0,0.0,11,0.0,0.0,11,0.0,0.0,11,0.0,0.0,11,0.0,0.0,11,0.0,0.0,11,0.0,0.0,11,1.0,0.0,11,100.27272727272727,1.848832555474351,11,322.6363636363636,80.73075340571611,11
gpt-5-mini,standard,words,500,150.0,1.0,0.0,11,1.0,0.0,11,1.0,0.0,11,1.0,0.0,11,6947.801980105336,1536.1365143060177,11,53.83534864948182,24.496013266863734,11,7001.637328754764,1544.6157001241932,11,0.0,0.0,11,0.0,0.0,11,0.0,0.0,11,0.0,0.0,11,0.0,0.0,11,0.0,0.0,11,0.0,0.0,11,0.0,0.0,11,1.0,0.0,11,97.9090909090909,2.662876093795782,11,355.1818181818182,77.51105493001393,11
gpt-5-mini,standard,words,500,,0.9090909090909091,0.30151134457776363,11,0.9090909090909091,0.30151134457776363,11,0.9998181818181817,0.0006030226891555253,11,0.9998181818181817,0.0006030226891555253,11,5152.012586593609,858.0913866719412,11,57.221846147018184,27.596965677507313,11,5209.234432740645,864.9925355429615,11,0.0,0.0,11,0.0,0.0,11,0.0,0.0,11,0.0,0.0,11,0.0,0.0,11,0.0,0.0,11,0.0,0.0,11,0.0,0.0,11,1.0,0.0,11,95.0909090909091,1.1361818036340363,11,294.3636363636364,67.03472641440813,11
gpt-5-mini,standard,words,750,20.0,0.8181818181818182,0.40451991747794525,11,0.8181818181818182,0.40451991747794525,11,0.9997575757636364,0.0005393598764865597,11,0.9997575757636364,0.0005393598764865597,11,7945.252180099508,2515.6162712234645,11,85.63100207934545,37.40342324918231,11,8030.883182178845,2519.888365046227,11,0.0,0.0,11,0.0,0.0,11,0.0,0.0,11,0.0,0.0,11,0.0,0.0,11,0.0,0.0,11,0.0,0.0,11,0.0,0.0,11,1.0,0.0,11,172.0,7.000000000000001,11,475.8181818181818,130.96168766614014,11
gpt-5-mini,standard,words,1000,20.0,0.9090909090909091,0.30151134457776363,11,0.9090909090909091,0.30151134457776363,11,0.999909090909091,0.00030151134457776456,11,0.999909090909091,0.00030151134457776456,11,8942.837931893091,2617.665655321782,11,168.27394745566363,98.07467580958848,11,9111.111879348764,2655.416864266871,11,0.0,0.0,11,0.0,0.0,11,0.0,0.0,11,0.0,0.0,11,0.0,0.0,11,0.0,0.0,11,0.0,0.0,11,0.0,0.0,11,1.0,0.0,11,215.63636363636363,6.975281030506619,11,571.8181818181819,161.0178984969175,11
xiaomi/mimo-v2-flash:free,rlm_tips,codes,500,20.0,0.9166666666666666,0.2823298512866399,24,0.9166666666666666,0.2823298512866399,24,0.9191666666666666,0.2738599557480408,24,0.9998333333333332,0.0005646597025732771,24,86366.96272095044,28477.0595472218,24,53.401877482725006,15.550005909452315,24,86420.36459843318,28471.195218573164,24,0.0,0.0,24,0.0,0.0,24,0.0,0.0,24,0.0,0.0,24,0.0,0.0,24,0.0,0.0,24,0.0,0.0,24,0.0,0.0,24,1.8333333333333333,1.9708013524996606,24,4756.541666666667,5209.193561714308,24,728.7916666666666,811.7664570534444,24
xiaomi/mimo-v2-flash:free,rlm_tips,csv,500,20.0,1.0,0.0,20,1.0,0.0,20,1.0,0.0,20,1.0,0.0,20,82737.2375845909,25507.808428892688,20,48.31088781358,13.915203549184627,20,82785.5484724045,25509.164172497796,20,0.0,0.0,20,0.0,0.0,20,0.0,0.0,20,0.0,0.0,20,0.0,0.0,20,0.0,0.0,20,0.0,0.0,20,0.0,0.0,20,1.8,1.9084300519426678,20,4400.7,4761.846922759012,20,634.2,660.8080858432269,20
xiaomi/mimo-v2-flash:free,rlm_tips,json,500,20.0,0.5,0.512989176042577,20,0.5,0.512989176042577,20,0.8343999999999999,0.3207042251046905,20,0.9961,0.009391485505499125,20,83831.12001419069,26970.343724397313,20,45.150482654565,15.972950520366789,20,83876.27049684525,26972.87250017991,20,0.0,0.0,20,0.0,0.0,20,0.0,0.0,20,0.0,0.0,20,0.0,0.0,20,0.0,0.0,20,0.0,0.0,20,0.0,0.0,20,2.25,2.33677690757793,20,4627.95,4829.829739562037,20,535.7,586.1779054537159,20
xiaomi/mimo-v2-flash:free,rlm_tips,mixed,500,20.0,0.8571428571428571,0.36313651960128146,14,0.8571428571428571,0.36313651960128146,14,0.862,0.35078987793483785,14,0.9997142857142858,0.0007262730392025634,14,83708.76021044595,24705.09467423911,14,48.71969563620714,15.169769022368635,14,83757.47990608215,24703.75377588189,14,0.0,0.0,14,0.0,0.0,14,0.0,0.0,14,0.0,0.0,14,0.0,0.0,14,0.0,0.0,14,0.0,0.0,14,0.0,0.0,14,2.2857142857142856,2.493948720358985,14,5147.857142857143,6105.608705962875,14,572.4285714285714,638.4086844268711,14
xiaomi/mimo-v2-flash:free,rlm_tips,words,500,20.0,0.8636363636363636,0.3512500866571044,22,0.8636363636363636,0.3512500866571044,22,0.9717140791636364,0.13178062409893412,22,0.9995470811500001,0.0013637985524440628,22,85198.20382378317,28400.142958110442,22,45.34950039603637,20.82382508817541,22,85243.55332417921,28400.589819868597,22,0.0,0.0,22,0.0,0.0,22,0.0,0.0,22,0.0,0.0,22,0.0,0.0,22,0.0,0.0,22,0.0,0.0,22,0.0,0.0,22,2.227272727272727,2.348896765998033,22,3632.3636363636365,3880.232670312127,22,405.54545454545456,427.28196637335253,22
z-ai/glm-4.6,rlm_tips,codes,500,20.0,0.9166666666666666,0.2823298512866399,24,0.9166666666666666,0.2823298512866399,24,0.9191666666666666,0.2738599557480408,24,0.9998333333333332,0.0005646597025732771,24,78308.48609407742,13218.853702325418,24,49.0250885486625,18.233381188254512,24,78357.51118262608,13217.083584301958,24,0.0,0.0,24,0.0,0.0,24,0.0,0.0,24,0.0,0.0,24,0.0,0.0,24,0.0,0.0,24,0.0,0.0,24,0.0,0.0,24,2.5,2.637521893583148,24,5033.583333333333,5467.2719444429285,24,716.4583333333334,800.5304751642293,24
z-ai/glm-4.6,rlm_tips,csv,500,20.0,1.0,0.0,20,1.0,0.0,20,1.0,0.0,20,1.0,0.0,20,74924.28930997849,9448.398210269605,20,41.098332405085,10.531936403379785,20,74965.38764238358,9453.020082386418,20,0.0,0.0,20,0.0,0.0,20,0.0,0.0,20,0.0,0.0,20,0.0,0.0,20,0.0,0.0,20,0.0,0.0,20,0.0,0.0,20,2.4,2.500526260399472,20,4067.95,4252.613716106961,20,572.85,599.8090288188663,20
z-ai/glm-4.6,rlm_tips,json,500,20.0,0.8,0.41039134083406165,20,0.8,0.41039134083406165,20,0.952,0.21043813942894427,20,0.9989000000000001,0.002381949665825521,20,74288.4305357933,11456.934888093945,20,52.12701559067,16.82461651545211,20,74340.55755138397,11453.939760465586,20,0.0,0.0,20,0.0,0.0,20,0.0,0.0,20,0.0,0.0,20,0.0,0.0,20,0.0,0.0,20,0.0,0.0,20,0.0,0.0,20,2.55,2.6452539426400317,20,4197.65,4435.799189548598,20,502.6,549.120195834832,20
z-ai/glm-4.6,rlm_tips,mixed,500,20.0,0.7142857142857143,0.46880723093849547,14,0.7142857142857143,0.46880723093849547,14,0.861,0.35037715942417513,14,0.9988571428571429,0.00268491921829898,14,72156.72268186297,8479.48272066431,14,50.98588126046428,14.729614915860344,14,72207.70856312344,8479.804772814989,14,0.0,0.0,14,0.0,0.0,14,0.0,0.0,14,0.0,0.0,14,0.0,0.0,14,0.0,0.0,14,0.0,0.0,14,0.0,0.0,14,2.5714285714285716,2.793241450751761,14,3942.4285714285716,4428.213560868462,14,454.7142857142857,509.9365614498501,14
z-ai/glm-4.6,rlm_tips,words,500,20.0,0.8636363636363636,0.3512500866571044,22,0.8636363636363636,0.3512500866571044,22,0.9543636363636363,0.2131609151734336,22,0.9543636363636363,0.2131609151734336,22,66860.14065959236,9075.187749137296,22,46.17999900470909,20.310537227728357,22,66906.32065859708,9080.772787649772,22,0.0,0.0,22,0.0,0.0,22,0.0,0.0,22,0.0,0.0,22,0.0,0.0,22,0.0,0.0,22,0.0,0.0,22,0.0,0.0,22,2.3181818181818183,2.437531218581301,22,3013.7272727272725,3242.6985261663986,22,389.8636363636364,428.83666503854965,22
gpt-5-mini,rlm,all,250,20.0,0.94,0.2398979374820952,50,0.94,0.2398979374820952,50,0.972275378486,0.14573890495173777,50,0.999760318726,0.0009583191908960654,50,64682.95199871063,7313.3118757288385,50,17.888283729546,4.731849939225831,50,64700.840282440186,7315.32726953832,50,0.0,0.0,50,0.0,0.0,50,0.0,0.0,50,0.0,0.0,50,0.0,0.0,50,0.0,0.0,50,0.0,0.0,50,0.0,0.0,50,3.3,0.5050762722761054,50,3329.5,739.2637332826077,50,1043.54,435.5316343158048,50
gpt-5-mini,rlm,all,500,10.0,0.9,0.3030457633656632,50,0.9,0.3030457633656632,50,0.9316661876240001,0.23635388303771904,50,0.99976015968,0.0007705276077010423,50,64132.85433769226,5793.649378889627,50,48.590254783634,17.34514174809477,50,64181.44459247589,5794.663902843698,50,0.0,0.0,50,0.0,0.0,50,0.0,0.0,50,0.0,0.0,50,0.0,0.0,50,0.0,0.0,50,0.0,0.0,50,0.0,0.0,50,3.28,0.45355736761107274,50,3944.72,840.0323618644654,50,1276.82,355.6986623075028,50
gpt-5-mini,rlm,all,500,20.0,0.88,0.3254267641060914,350,0.88,0.3254267641060914,350,0.9505147809328571,0.20160113394437673,350,0.9995773366637143,0.0015744557282080353,350,70846.39719213758,11641.236404619158,350,58.866283552986,22.59938457064594,350,70905.26347569058,11642.487372011929,350,0.0,0.0,350,0.0,0.0,350,0.0,0.0,350,0.0,0.0,350,0.0,0.0,350,0.0,0.0,350,0.0,0.0,350,0.0,0.0,350,3.414285714285714,0.6957269732339726,350,4188.38,1560.5399169081227,350,1389.6142857142856,614.625263632278,350
gpt-5-mini,rlm,all,500,25.0,0.88,0.32826072265931594,50,0.88,0.32826072265931594,50,0.9433199999999999,0.2252431285051233,50,0.9994799999999999,0.0017052140927287798,50,65672.63611316681,15602.965706449926,50,51.018247604369996,15.27298756208631,50,65723.65436077118,15602.641092297557,50,0.0,0.0,50,0.0,0.0,50,0.0,0.0,50,0.0,0.0,50,0.0,0.0,50,0.0,0.0,50,0.0,0.0,50,0.0,0.0,50,3.36,0.9638358739104571,50,4221.52,2738.2650342052398,50,1363.36,849.4233760832902,50
gpt-5-mini,rlm,all,500,50.0,0.92,0.2740475156178697,50,0.92,0.2740475156178697,50,0.9231185628740001,0.263411867125392,50,0.99984007984,0.0005478217544417697,50,66298.29153060913,10608.437855897539,50,50.267796516420006,15.80978757004134,50,66348.55932712555,10609.12615216946,50,0.0,0.0,50,0.0,0.0,50,0.0,0.0,50,0.0,0.0,50,0.0,0.0,50,0.0,0.0,50,0.0,0.0,50,0.0,0.0,50,3.36,0.802038219863897,50,4091.48,2133.578351320731,50,1416.56,745.4727348249211,50
gpt-5-mini,rlm,all,500,100.0,0.92,0.2740475156178697,50,0.92,0.2740475156178697,50,0.96104,0.1913672567049429,50,0.99964,0.0017468338705865952,50,84983.14329624176,5881.65806781306,50,48.531656265262,16.07094826695238,50,85031.67495250702,5877.798640052646,50,0.0,0.0,50,0.0,0.0,50,0.0,0.0,50,0.0,0.0,50,0.0,0.0,50,0.0,0.0,50,0.0,0.0,50,0.0,0.0,50,3.22,0.4646701704940171,50,3769.36,863.3845776822699,50,1241.18,394.84022550073263,50
gpt-5-mini,rlm,all,500,150.0,0.92,0.2740475156178697,50,0.92,0.2740475156178697,50,0.9458799999999999,0.21653577165947263,50,0.99984,0.0005480950312357505,50,65254.48985099793,6200.025085080059,50,48.380870819094,15.790829244899069,50,65302.87072181702,6199.39166887678,50,0.0,0.0,50,0.0,0.0,50,0.0,0.0,50,0.0,0.0,50,0.0,0.0,50,0.0,0.0,50,0.0,0.0,50,0.0,0.0,50,3.4,0.5714285714285714,50,4031.84,1170.9720253198332,50,1292.04,374.30141515596097,50
gpt-5-mini,rlm,all,500,,0.84,0.3703280399090206,50,0.84,0.3703280399090206,50,0.9989600798399999,0.0026875083330762093,50,0.9989600798399999,0.0026875083330762093,50,65735.42412757874,8627.272800831539,50,48.698267936705996,18.16615757710792,50,65784.12239551544,8628.722202577921,50,0.0,0.0,50,0.0,0.0,50,0.0,0.0,50,0.0,0.0,50,0.0,0.0,50,0.0,0.0,50,0.0,0.0,50,0.0,0.0,50,3.3,0.5802884574739972,50,3918.6,1314.1368549239412,50,1301.72,563.4907253460525,50
gpt-5-mini,rlm,all,750,20.0,0.92,0.27404751561786966,50,0.92,0.27404751561786966,50,0.98072,0.13498681148794028,50,0.999786666668,0.0009845979437235503,50,73262.44086265564,12834.25443548683,50,87.803115844724,24.103880119251194,50,73350.24397850037,12830.6426350329,50,0.0,0.0,50,0.0,0.0,50,0.0,0.0,50,0.0,0.0,50,0.0,0.0,50,0.0,0.0,50,0.0,0.0,50,0.0,0.0,50,3.4,0.63887656499994,50,4857.6,1947.9009948440103,50,1696.66,804.2900687524854,50
gpt-5-mini,rlm,all,1000,20.0,0.94,0.2398979374820952,50,0.94,0.2398979374820952,50,0.99990001998,0.0004628704314239095,50,0.99990001998,0.0004628704314239095,50,82463.7693977356,15675.664147443353,50,140.913429260248,49.959520431627375,50,82604.68282699585,15674.754322925291,50,0.0,0.0,50,0.0,0.0,50,0.0,0.0,50,0.0,0.0,50,0.0,0.0,50,0.0,0.0,50,0.0,0.0,50,0.0,0.0,50,3.56,0.7602362683228612,50,5976.6,2686.975858712936,50,2002.1,941.7254734512275,50
gpt-5-mini,rlm_tips,all,250,20.0,0.88,0.328260722659316,50,0.88,0.328260722659316,50,0.9720363346640001,0.14569563001404504,50,0.999521274904,0.0013095580216055534,50,78532.30016231537,11227.37492266933,50,18.669409751891997,5.267257730340877,50,78550.96957206726,11226.579160286767,50,0.0,0.0,50,0.0,0.0,50,0.0,0.0,50,0.0,0.0,50,0.0,0.0,50,0.0,0.0,50,0.0,0.0,50,0.0,0.0,50,4.46,0.7615773105863909,50,5909.2,1639.2513099408695,50,1506.0,608.9779326453296,50
gpt-5-mini,rlm_tips,all,500,10.0,0.94,0.2398979374820952,50,0.94,0.2398979374820952,50,0.9702,0.15336777193852608,50,0.99988,0.00047979587496418605,50,86838.75451564789,15664.187218299514,50,48.119482994075994,15.178034577694751,50,86886.87399864197,15663.749528085349,50,0.0,0.0,50,0.0,0.0,50,0.0,0.0,50,0.0,0.0,50,0.0,0.0,50,0.0,0.0,50,0.0,0.0,50,0.0,0.0,50,4.8,0.7824607964359517,50,8330.76,2831.5491077125525,50,2014.28,722.9208904697326,50
gpt-5-mini,rlm_tips,all,500,20.0,0.8542857142857143,0.35332465743125724,350,0.8542857142857143,0.35332465743125724,350,0.9572280011400001,0.18736341856033992,350,0.9995259081828572,0.001585266825619007,350,88282.0993927547,19191.7866211874,350,50.27904238019401,15.75423925784899,350,88332.37843513489,19190.975282631156,350,0.0,0.0,350,0.0,0.0,350,0.0,0.0,350,0.0,0.0,350,0.0,0.0,350,0.0,0.0,350,0.0,0.0,350,0.0,0.0,350,4.648571428571429,0.6680903069249859,350,7725.182857142857,2191.384839261556,350,2031.06,802.2928920549112,350
gpt-5-mini,rlm_tips,all,500,25.0,0.84,0.37032803990902063,50,0.84,0.37032803990902063,50,0.94876007984,0.20746042224707395,50,0.99924007984,0.002095233246269324,50,105418.4102678299,14327.6911681967,50,51.67484283447,13.19097885554494,50,105470.08511066437,14327.327586731968,50,0.0,0.0,50,0.0,0.0,50,0.0,0.0,50,0.0,0.0,50,0.0,0.0,50,0.0,0.0,50,0.0,0.0,50,0.0,0.0,50,4.62,0.6966391622992346,50,7486.8,1831.691066546241,50,2111.98,882.7323187300962,50
gpt-5-mini,rlm_tips,all,500,50.0,0.9,0.30304576336566325,50,0.9,0.30304576336566325,50,0.941678722554,0.2328509176231381,50,0.99980023952,0.000605365993861979,50,84894.96116161346,18142.51169023225,50,48.179965019226,5.666761225917462,50,84943.14112663269,18143.01570853367,50,0.0,0.0,50,0.0,0.0,50,0.0,0.0,50,0.0,0.0,50,0.0,0.0,50,0.0,0.0,50,0.0,0.0,50,0.0,0.0,50,4.46,0.7342912729083658,50,6924.22,2098.2595731526,50,2028.66,888.8795196246582,50
gpt-5-mini,rlm_tips,all,500,100.0,0.9,0.30304576336566325,50,0.9,0.30304576336566325,50,0.96088007984,0.19133737573910778,50,0.99948007984,0.002052714476091095,50,77641.89357757567,15678.145269900493,50,49.803442955014,13.84419735705702,50,77691.69702053072,15677.546661155506,50,0.0,0.0,50,0.0,0.0,50,0.0,0.0,50,0.0,0.0,50,0.0,0.0,50,0.0,0.0,50,0.0,0.0,50,0.0,0.0,50,4.52,0.677329690921697,50,7069.6,2127.686911140061,50,1965.52,910.0984077761781,50
gpt-5-mini,rlm_tips,all,500,150.0,0.92,0.27404751561786966,50,0.92,0.27404751561786966,50,0.96308015968,0.18254181727411914,50,0.99984015968,0.0005475483293782824,50,78721.09776973724,15419.079342948417,50,48.96863937377601,11.65811939550724,50,78770.06640911102,15418.468377125144,50,0.0,0.0,50,0.0,0.0,50,0.0,0.0,50,0.0,0.0,50,0.0,0.0,50,0.0,0.0,50,0.0,0.0,50,0.0,0.0,50,4.56,0.9722685444099174,50,7238.5,3160.3163381444674,50,2011.98,917.5583724966907,50
gpt-5-mini,rlm_tips,all,500,,0.8,0.4040610178208843,50,0.8,0.4040610178208843,50,0.9990403992,0.0024984834376088633,50,0.9990403992,0.0024984834376088633,50,73186.9976902008,22973.83673756281,50,47.316026687622,14.893052189930465,50,73234.31371688843,22971.996508678458,50,0.0,0.0,50,0.0,0.0,50,0.0,0.0,50,0.0,0.0,50,0.0,0.0,50,0.0,0.0,50,0.0,0.0,50,0.0,0.0,50,4.46,0.8134080483135291,50,7063.76,2715.17765465292,50,1921.16,1312.372945998109,50
gpt-5-mini,rlm_tips,all,750,20.0,0.88,0.32826072265931594,50,0.88,0.32826072265931594,50,0.945733333334,0.2168226963101657,50,0.999840000004,0.00043768095260372433,50,84520.76243877411,12476.025227405782,50,91.64651870728,40.85791210598237,50,84612.40895748138,12469.05491904434,50,0.0,0.0,50,0.0,0.0,50,0.0,0.0,50,0.0,0.0,50,0.0,0.0,50,0.0,0.0,50,0.0,0.0,50,0.0,0.0,50,4.44,0.6749149606295837,50,8348.7,2833.794486881071,50,2184.08,688.2692531981646,50
gpt-5-mini,rlm_tips,all,1000,20.0,0.82,0.38808793449160356,50,0.82,0.38808793449160356,50,0.9814007992,0.12427592297994314,50,0.99968007992,0.001168241038804885,50,84042.1479177475,16146.570742777789,50,154.550080299374,67.06161247752202,50,84196.69799804688,16141.303318016064,50,0.0,0.0,50,0.0,0.0,50,0.0,0.0,50,0.0,0.0,50,0.0,0.0,50,0.0,0.0,50,0.0,0.0,50,0.0,0.0,50,4.7,0.7889543583705187,50,10585.18,4538.121128297706,50,2605.34,907.5963233301736,50
gpt-5-mini,standard,all,250,20.0,0.9,0.30304576336566325,50,0.9,0.30304576336566325,50,0.9720353784860001,0.14569771064648493,50,0.999520318726,0.0015410575307060418,50,10427.291250228875,6398.176199346821,50,18.359565734864,7.182142904919395,50,10445.650815963743,6398.299720225808,50,0.0,0.0,50,0.0,0.0,50,0.0,0.0,50,0.0,0.0,50,0.0,0.0,50,0.0,0.0,50,0.0,0.0,50,0.0,0.0,50,1.0,0.0,50,136.32,41.59299391552792,50,545.86,299.15343206850787,50
gpt-5-mini,standard,all,500,10.0,0.82,0.3880879344916036,50,0.82,0.3880879344916036,50,0.98048,0.1351447055143909,50,0.99956,0.0010133798771981893,50,10335.850992202762,3722.5978599893583,50,55.737409591677995,26.521422171952093,50,10391.588401794432,3716.9432351047813,50,0.0,0.0,50,0.0,0.0,50,0.0,0.0,50,0.0,0.0,50,0.0,0.0,50,0.0,0.0,50,0.0,0.0,50,0.0,0.0,50,1.0,0.0,50,253.58,73.5266410138224,50,673.3,221.28227886293902,50
gpt-5-mini,standard,all,500,20.0,0.8085714285714286,0.39398880656319896,350,0.8085714285714286,0.39398880656319896,350,0.9678824636440001,0.1658665021252927,350,0.9991257256914285,0.0024509278984438665,350,10781.12363065992,4304.694776472262,350,48.494994299754005,21.3666277909364,350,10829.618624959672,4304.522808935158,350,0.0,0.0,350,0.0,0.0,350,0.0,0.0,350,0.0,0.0,350,0.0,0.0,350,0.0,0.0,350,0.0,0.0,350,0.0,0.0,350,1.0,0.0,350,238.42,78.62619225730394,350,674.5885714285714,269.58790983602825,350
gpt-5-mini,standard,all,500,25.0,0.7,0.4629100498862757,50,0.7,0.4629100498862757,50,0.9599599999999999,0.1921842185965097,50,0.9987600000000001,0.002551990019812869,50,9520.142788887022,3246.7197544146657,50,54.36418056488,29.397385045291323,50,9574.506969451908,3240.150461567223,50,0.0,0.0,50,0.0,0.0,50,0.0,0.0,50,0.0,0.0,50,0.0,0.0,50,0.0,0.0,50,0.0,0.0,50,0.0,0.0,50,1.0,0.0,50,236.64,84.50256849133434,50,666.5,264.4252334434682,50
gpt-5-mini,standard,all,500,50.0,0.9,0.30304576336566325,50,0.9,0.30304576336566325,50,0.9422,0.23030742542106977,50,0.99968,0.001236189008730504,50,13880.112657546997,11970.970939858098,50,47.501840591434004,13.718288418666884,50,13927.61449813843,11971.329557798423,50,0.0,0.0,50,0.0,0.0,50,0.0,0.0,50,0.0,0.0,50,0.0,0.0,50,0.0,0.0,50,0.0,0.0,50,0.0,0.0,50,1.0,0.0,50,231.92,90.587389310217,50,709.3,340.88062725947964,50
gpt-5-mini,standard,all,500,100.0,0.82,0.38808793449160356,50,0.82,0.38808793449160356,50,0.96072,0.19130390823535845,50,0.99932,0.0020044847676331753,50,10255.305790901186,4420.732168754301,50,51.962599754332004,24.30030353579804,50,10307.268390655523,4417.683442071896,50,0.0,0.0,50,0.0,0.0,50,0.0,0.0,50,0.0,0.0,50,0.0,0.0,50,0.0,0.0,50,0.0,0.0,50,0.0,0.0,50,1.0,0.0,50,229.94,92.4437854557447,50,672.78,252.75876132900214,50
gpt-5-mini,standard,all,500,150.0,0.92,0.2740475156178697,50,0.92,0.2740475156178697,50,0.98044,0.1368695431304375,50,0.99976,0.0008703740692416035,50,11862.912383079534,5835.816167616729,50,47.465028762818,17.524379182512327,50,11910.377411842344,5836.171956029757,50,0.0,0.0,50,0.0,0.0,50,0.0,0.0,50,0.0,0.0,50,0.0,0.0,50,0.0,0.0,50,0.0,0.0,50,0.0,0.0,50,1.0,0.0,50,227.52,93.8268574752105,50,684.52,275.14472926228535,50
gpt-5-mini,standard,all,500,,0.84,0.3703280399090207,50,0.84,0.3703280399090207,50,0.99884,0.003183888009516505,50,0.99884,0.003183888009516505,50,9540.859918594355,3922.5813892300307,50,53.52727413177,28.130104106486375,50,9594.387192726137,3916.333630858464,50,0.0,0.0,50,0.0,0.0,50,0.0,0.0,50,0.0,0.0,50,0.0,0.0,50,0.0,0.0,50,0.0,0.0,50,0.0,0.0,50,1.0,0.0,50,226.06,92.44113626232311,50,595.96,265.9233401887522,50
gpt-5-mini,standard,all,750,20.0,0.78,0.4184519575964802,50,0.78,0.4184519575964802,50,0.9454133333379999,0.21696390454088965,50,0.999466666672,0.0014998110231374837,50,14091.003136634832,5929.348606704731,50,98.72390747069399,48.43856382538673,50,14189.72704410553,5921.416026798192,50,0.0,0.0,50,0.0,0.0,50,0.0,0.0,50,0.0,0.0,50,0.0,0.0,50,0.0,0.0,50,0.0,0.0,50,0.0,0.0,50,1.0,0.0,50,345.28,126.39653185632159,50,885.28,333.18383967474796,50
gpt-5-mini,standard,all,1000,20.0,0.88,0.32826072265931594,50,0.88,0.32826072265931594,50,0.9997,0.0012163847404233286,50,0.9997,0.0012163847404233286,50,13876.836681365965,5084.37369843842,50,229.707465171812,132.55572644703133,50,14106.544146537775,5085.993056474441,50,0.0,0.0,50,0.0,0.0,50,0.0,0.0,50,0.0,0.0,50,0.0,0.0,50,0.0,0.0,50,0.0,0.0,50,0.0,0.0,50,1.0,0.0,50,448.74,166.74933038448305,50,929.94,316.48667057723173,50
xiaomi/mimo-v2-flash:free,rlm_tips,all,500,20.0,0.83,0.3775251680686369,100,0.83,0.3775251680686369,100,0.921937097416,0.24666791907234126,100,0.9990403578529999,0.004435258811709485,100,84504.57384347916,26568.22778943799,100,48.30637216568,16.576415531868836,100,84552.88021564484,26567.531708364444,100,0.0,0.0,100,0.0,0.0,100,0.0,0.0,100,0.0,0.0,100,0.0,0.0,100,0.0,0.0,100,0.0,0.0,100,0.0,0.0,100,2.06,2.1640777072998842,100,4467.12,4844.450387940008,100,578.25,638.9153272966184,100
z-ai/glm-4.6,rlm_tips,all,500,20.0,0.87,0.3379976689896311,100,0.87,0.3379976689896311,100,0.9415,0.23123495856078086,100,0.98954,0.0999655920602664,100,73447.75275230408,11225.968782707276,100,47.708714008331,16.854516350834576,100,73495.46146631241,11226.810789718993,100,0.0,0.0,100,0.0,0.0,100,0.0,0.0,100,0.0,0.0,100,0.0,0.0,100,0.0,0.0,100,0.0,0.0,100,0.0,0.0,100,2.46,2.540261658359093,100,4076.14,4413.0987830651275,100,536.47,602.5201527288896,100
